"state_abbr","state_fips","county_name","county_fips"
"GA","13","Bulloch","031"
"GA","13","Fulton","121"
"GA","13","Liberty","179"
"GA","13","McDuffie","189"
"GA","13","Murray","213"
"GA","13","Montgomery","209"
"GA","13","Hall","139"
"GA","13","Richmond","245"
"GA","13","Charlton","049"
"GA","13","Hancock","141"
"GA","13","Jackson","157"
"GA","13","Wilcox","315"
"GA","13","Rabun","241"
"GA","13","Taylor","269"
"GA","13","Lee","177"
"GA","13","Toombs","279"
"GA","13","Baker","007"
"NJ","34","Gloucester","015"
"NJ","34","Middlesex","023"
"NJ","34","Somerset","035"
"NJ","34","Passaic","031"
"NJ","34","Mercer","021"
"NJ","34","Cape May","009"
"NM","35","McKinley","031"
"NM","35","Doña Ana","013"
"MS","28","Jackson","059"
"AK","02","Matanuska-Susitna","170"
"NM","35","Mora","033"
"WA","53","Thurston","067"
"VA","51","Prince Edward","147"
"AL","01","Blount","009"
"AL","01","Marshall","095"
"VA","51","Buckingham","029"
"VA","51","Page","139"
"WA","53","Douglas","017"
"VA","51","Prince William","153"
"VA","51","Shenandoah","171"
"AL","01","Cullman","043"
"VA","51","Fauquier","061"
"WA","53","Franklin","021"
"WA","53","Ferry","019"
"WA","53","Island","029"
"WA","53","Whitman","075"
"NH","33","Strafford","017"
"NE","31","Howard","093"
"NE","31","Loup","115"
"VA","51","Accomack","001"
"KY","21","Henderson","101"
"KY","21","Hardin","093"
"VA","51","Middlesex","119"
"LA","22","Plaquemines","075"
"LA","22","Tensas","107"
"VA","51","Westmoreland","193"
"LA","22","Webster","119"
"ME","23","Waldo","027"
"VA","51","Highland","091"
"KY","21","Bell","013"
"KY","21","Leslie","131"
"VA","51","Halifax","083"
"ME","23","Sagadahoc","023"
"KY","21","Whitley","235"
"MD","24","Talbot","041"
"MD","24","Prince George's","033"
"MD","24","Queen Anne's","035"
"MD","24","Garrett","023"
"VA","51","Rockingham","165"
"NC","37","Halifax","083"
"NC","37","Union","179"
"NC","37","New Hanover","129"
"NC","37","Sampson","163"
"NC","37","Carteret","031"
"NC","37","Wake","183"
"NC","37","Mecklenburg","119"
"NC","37","Haywood","087"
"NC","37","Pender","141"
"NC","37","Buncombe","021"
"NC","37","Columbus","047"
"NC","37","Cherokee","039"
"NC","37","Surry","171"
"NC","37","Hoke","093"
"NC","37","Lee","105"
"NC","37","Swain","173"
"NC","37","Bertie","015"
"NC","37","Transylvania","175"
"IN","18","Knox","083"
"IN","18","Whitley","183"
"IN","18","Lake","089"
"IN","18","Gibson","051"
"IN","18","Jackson","071"
"IN","18","Harrison","061"
"KY","21","Floyd","071"
"KS","20","Mitchell","123"
"KY","21","Carter","043"
"KY","21","Grayson","085"
"KY","21","Bath","011"
"KY","21","Hart","099"
"KS","20","Pottawatomie","149"
"KY","21","Owsley","189"
"KY","21","Allen","003"
"KY","21","Jackson","109"
"KY","21","Rowan","205"
"KY","21","McCreary","147"
"KY","21","Butler","031"
"KS","20","Wichita","203"
"IL","17","Cook","031"
"IL","17","Clinton","027"
"IL","17","Jasper","079"
"IL","17","Scott","171"
"IL","17","Wabash","185"
"IL","17","Edwards","047"
"OH","39","Erie","043"
"CA","06","Alameda","001"
"CA","06","San Mateo","081"
"CA","06","Riverside","065"
"CA","06","Solano","095"
"CA","06","Tehama","103"
"CA","06","Ventura","111"
"CA","06","Santa Barbara","083"
"NY","36","Queens","081"
"CA","06","Siskiyou","093"
"CA","06","Yuba","115"
"CA","06","Lake","033"
"CA","06","Placer","061"
"CA","06","Amador","005"
"CA","06","Mariposa","043"
"CO","08","Delta","029"
"FL","12","Sumter","119"
"FL","12","Lake","069"
"CO","08","Larimer","069"
"CT","09","New Haven","009"
"CT","09","Middlesex","007"
"FL","12","Madison","079"
"FL","12","Volusia","127"
"FL","12","Palm Beach","099"
"FL","12","Santa Rosa","113"
"FL","12","Union","125"
"FL","12","Okeechobee","093"
"CO","08","Montezuma","083"
"PA","42","Clearfield","033"
"PA","42","Washington","125"
"PA","42","Clarion","031"
"PA","42","Northumberland","097"
"PA","42","Huntingdon","061"
"WI","55","Price","099"
"WI","55","Trempealeau","121"
"WI","55","Marinette","075"
"WI","55","Adams","001"
"MT","30","Liberty","051"
"MT","30","Blaine","005"
"MT","30","Powell","077"
"MT","30","Madison","057"
"MT","30","Big Horn","003"
"MT","30","Pondera","073"
"MT","30","Judith Basin","045"
"MT","30","Carbon","009"
"MT","30","Roosevelt","085"
"MT","30","Petroleum","069"
"UT","49","Salt Lake","035"
"UT","49","Davis","011"
"AL","01","Mobile","097"
"UT","49","Kane","025"
"AL","01","Colbert","033"
"AL","01","Crenshaw","041"
"AL","01","Hale","065"
"AL","01","Pike","109"
"NY","36","Cayuga","011"
"NY","36","Delaware","025"
"NY","36","Washington","115"
"TX","48","Bexar","029"
"TX","48","Smith","423"
"TX","48","Harris","201"
"TX","48","Walker","471"
"TX","48","Kaufman","257"
"TX","48","Hopkins","223"
"TX","48","Matagorda","321"
"TX","48","Waller","473"
"TX","48","Hidalgo","215"
"TX","48","Maverick","323"
"TX","48","Guadalupe","187"
"TX","48","Morris","343"
"TX","48","Reeves","389"
"TX","48","Chambers","071"
"TX","48","Newton","351"
"TX","48","Calhoun","057"
"TX","48","Trinity","455"
"OK","40","Canadian","017"
"OK","40","Sequoyah","135"
"OK","40","Pawnee","117"
"OK","40","Muskogee","101"
"OK","40","Pushmataha","127"
"OK","40","Kiowa","075"
"OR","41","Grant","023"
"OR","41","Union","061"
"OR","41","Clatsop","007"
"OR","41","Benton","003"
"OR","41","Curry","015"
"AL","01","Wilcox","131"
"AL","01","Lawrence","079"
"AL","01","Conecuh","035"
"AR","05","Jackson","067"
"AR","05","Arkansas","001"
"AR","05","Bradley","011"
"AR","05","Cleveland","025"
"AR","05","Nevada","099"
"TX","48","Kleberg","273"
"TX","48","Gray","179"
"TX","48","Hansford","195"
"TX","48","Rains","379"
"TX","48","Lamar","277"
"SC","45","Lexington","063"
"SC","45","Horry","051"
"SC","45","Beaufort","013"
"SC","45","Greenville","045"
"SC","45","Marlboro","069"
"SC","45","Cherokee","021"
"SC","45","Anderson","007"
"SC","45","Union","087"
"SC","45","Clarendon","027"
"SC","45","Lee","061"
"SC","45","Fairfield","039"
"SC","45","Calhoun","017"
"SC","45","Georgetown","043"
"KY","21","Nicholas","181"
"LA","22","St. Tammany","103"
"TN","47","Davidson","037"
"TN","47","Dyer","045"
"TN","47","Morgan","129"
"SD","46","Charles Mix","023"
"TN","47","Sullivan","163"
"TN","47","Giles","055"
"TN","47","McMinn","107"
"TN","47","Coffee","031"
"SD","46","Haakon","055"
"TN","47","Union","173"
"TN","47","Wilson","189"
"SD","46","Lake","079"
"KS","20","Pratt","151"
"TN","47","Lauderdale","097"
"TN","47","Henry","079"
"WY","56","Teton","039"
"WY","56","Park","029"
"WV","54","Lincoln","043"
"WV","54","Barbour","001"
"WV","54","Jefferson","037"
"WV","54","Marion","049"
"WV","54","Wyoming","109"
"WV","54","Boone","005"
"ID","16","Bannock","005"
"AZ","04","Apache","001"
"FL","12","Gulf","045"
"FL","12","Taylor","123"
"MO","29","Scott","201"
"MO","29","Dunklin","069"
"MO","29","Mercer","129"
"MO","29","Cape Girardeau","031"
"MA","25","Worcester","027"
"MI","26","Wayne","163"
"MI","26","Berrien","021"
"MI","26","Kalamazoo","077"
"MI","26","Chippewa","033"
"MI","26","Iron","071"
"NC","37","Dare","055"
"TX","48","Terrell","443"
"TX","48","Hartley","205"
"PR","72","Ponce","113"
"PR","72","Mayagüez","097"
"PR","72","Ceiba","037"
"AS","60","Rose Island","030"
"AZ","04","Maricopa","013"
"HI","15","Hawaii","001"
"MN","27","Wilkin","167"
"MN","27","Rock","133"
"MN","27","Polk","119"
"MN","27","Kittson","069"
"MN","27","Red Lake","125"
"MN","27","Chippewa","023"
"MI","26","Mackinac","097"
"ND","38","Pembina","067"
"TX","48","San Augustine","405"
"TX","48","Delta","119"
"LA","22","Calcasieu","019"
"LA","22","Ascension","005"
"LA","22","Orleans","071"
"LA","22","Vermilion","113"
"LA","22","Grant","043"
"ND","38","Benson","005"
"ND","38","Traill","097"
"ND","38","Towner","095"
"ND","38","Grant","037"
"MS","28","Marshall","093"
"MS","28","Adams","001"
"MS","28","Rankin","121"
"MS","28","Tunica","143"
"MS","28","Monroe","095"
"MS","28","George","039"
"MS","28","Lowndes","087"
"MS","28","Yazoo","163"
"MS","28","Humphreys","053"
"ID","16","Lewis","061"
"ID","16","Shoshone","079"
"ID","16","Power","077"
"AK","02","Anchorage","020"
"MA","25","Franklin","011"
"VA","51","Montgomery","121"
"VA","51","Goochland","075"
"VA","51","Isle of Wight","093"
"VA","51","Orange","137"
"VA","51","Botetourt","023"
"VA","51","Amherst","009"
"VA","51","Amelia","007"
"VA","51","King and Queen","097"
"VA","51","Greensville","081"
"AK","02","Copper River","066"
"AK","02","Southeast Fairbanks","240"
"AK","02","Petersburg","195"
"AK","02","Wrangell","275"
"AK","02","Lake and Peninsula","164"
"AK","02","Juneau","110"
"AK","02","Yakutat","282"
"NV","32","Eureka","011"
"MO","29","Schuyler","197"
"TX","48","Loving","301"
"TX","48","Foard","155"
"NE","31","Boyd","015"
"VI","78","St. Croix","010"
"VI","78","St. John","020"
"ME","23","Piscataquis","021"
"ID","16","Camas","025"
"CO","08","Routt","107"
"CO","08","Pitkin","097"
"CO","08","Summit","117"
"CO","08","Hinsdale","053"
"CO","08","Costilla","023"
"CO","08","Lake","065"
"CO","08","Jackson","057"
"GA","13","Columbia","073"
"GA","13","Mitchell","205"
"NJ","34","Camden","007"
"NJ","34","Morris","027"
"NJ","34","Hudson","017"
"NJ","34","Atlantic","001"
"NJ","34","Monmouth","025"
"NJ","34","Cumberland","011"
"NJ","34","Hunterdon","019"
"NM","35","San Juan","045"
"NM","35","Grant","017"
"NM","35","Colfax","007"
"NM","35","Sierra","051"
"NM","35","Taos","055"
"AL","01","Madison","089"
"AL","01","Shelby","117"
"AL","01","Talladega","121"
"AL","01","Jefferson","073"
"WA","53","Grays Harbor","027"
"WA","53","Pacific","049"
"AL","01","Etowah","055"
"WA","53","Clark","011"
"WA","53","Whatcom","073"
"VA","51","Loudoun","107"
"GA","13","Wilkinson","319"
"GA","13","Bibb","021"
"GA","13","Haralson","143"
"GA","13","Henry","151"
"GA","13","Muscogee","215"
"GA","13","Fayette","113"
"GA","13","Brantley","025"
"GA","13","Warren","301"
"GA","13","Gilmer","123"
"GA","13","Long","183"
"GA","13","Tift","277"
"GA","13","Union","291"
"GA","13","Talbot","263"
"GA","13","Taliaferro","265"
"NC","37","Franklin","069"
"NC","37","Montgomery","123"
"NC","37","Yancey","199"
"NC","37","Robeson","155"
"NC","37","Stanly","167"
"NC","37","Rutherford","161"
"NC","37","Edgecombe","065"
"NC","37","Chowan","041"
"NC","37","Polk","149"
"NC","37","Macon","113"
"NC","37","Anson","007"
"NC","37","Burke","023"
"NC","37","Mitchell","121"
"IA","19","Grundy","075"
"IA","19","Plymouth","149"
"IA","19","Lucas","117"
"IA","19","Calhoun","025"
"IA","19","Lee","111"
"IN","18","Orange","117"
"IA","19","Scott","163"
"IA","19","Mitchell","131"
"IN","18","Pike","125"
"IN","18","Daviess","027"
"IN","18","Perry","123"
"KS","20","Doniphan","043"
"KS","20","Pawnee","145"
"KY","21","Scott","209"
"KY","21","Hopkins","107"
"KY","21","Bourbon","017"
"KY","21","Garrard","079"
"KY","21","Clark","049"
"KY","21","Clay","051"
"KS","20","Meade","119"
"KY","21","Woodford","239"
"KS","20","Greeley","071"
"KY","21","Anderson","005"
"KY","21","Menifee","165"
"IL","17","St. Clair","163"
"IL","17","Kane","089"
"IL","17","Sangamon","167"
"IL","17","Cass","017"
"IL","17","Rock Island","161"
"IL","17","Stephenson","177"
"IL","17","McDonough","109"
"IL","17","Menard","129"
"IL","17","Mason","125"
"OH","39","Lorain","093"
"OH","39","Hamilton","061"
"OH","39","Ashtabula","007"
"OH","39","Washington","167"
"OH","39","Ottawa","123"
"OH","39","Jackson","079"
"CA","06","Los Angeles","037"
"CA","06","Santa Cruz","087"
"CA","06","Madera","039"
"CA","06","Fresno","019"
"CA","06","Sonoma","097"
"CA","06","Stanislaus","099"
"CA","06","Tulare","107"
"CA","06","Contra Costa","013"
"CA","06","Merced","047"
"NY","36","Kings","047"
"NY","36","Bronx","005"
"CA","06","Trinity","105"
"NY","36","Westchester","119"
"NY","36","Orange","071"
"CA","06","Imperial","025"
"VA","51","Bedford","019"
"AL","01","Autauga","001"
"WA","53","Clallam","009"
"WA","53","Walla Walla","071"
"VA","51","Henry","089"
"WA","53","Chelan","007"
"WA","53","Grant","025"
"WA","53","Skagit","057"
"WA","53","Kittitas","037"
"AL","01","Pickens","107"
"WA","53","Lincoln","043"
"NH","33","Rockingham","015"
"NH","33","Coos","007"
"NV","32","Washoe","031"
"NE","31","Garfield","071"
"NE","31","Saunders","155"
"NE","31","Holt","089"
"NE","31","Wheeler","183"
"MD","24","Somerset","039"
"MD","24","St. Mary's","037"
"KY","21","Jefferson","111"
"LA","22","Jefferson","051"
"VA","51","Richmond","159"
"VA","51","Northumberland","133"
"VA","51","Essex","057"
"KY","21","Lewis","135"
"LA","22","De Soto","031"
"LA","22","Concordia","029"
"LA","22","Union","111"
"KY","21","Ballard","007"
"VA","51","Lancaster","103"
"KY","21","Letcher","133"
"ME","23","Aroostook","003"
"KY","21","Knox","121"
"KY","21","Mercer","167"
"KY","21","Nelson","179"
"KY","21","Laurel","125"
"KY","21","Harrison","097"
"KY","21","Bullitt","029"
"VA","51","Pittsylvania","143"
"KY","21","Taylor","217"
"VA","51","King George","099"
"KY","21","Martin","159"
"KY","21","Larue","123"
"LA","22","Terrebonne","109"
"MD","24","Allegany","001"
"MD","24","Anne Arundel","003"
"MD","24","Kent","029"
"MD","24","Carroll","013"
"MA","25","Essex","009"
"MA","25","Hampden","013"
"MD","24","Worcester","047"
"MA","25","Suffolk","025"
"NC","37","Nash","127"
"NC","37","Jackson","099"
"NC","37","Madison","115"
"NC","37","Greene","079"
"NC","37","Pitt","147"
"PA","42","Philadelphia","101"
"PA","42","Erie","049"
"PA","42","Montgomery","091"
"PA","42","Luzerne","079"
"PA","42","Northampton","095"
"PA","42","Dauphin","043"
"PA","42","Lancaster","071"
"PA","42","Blair","013"
"PA","42","Clinton","035"
"PA","42","Franklin","055"
"PA","42","Juniata","067"
"RI","44","Providence","007"
"PA","42","Fayette","051"
"RI","44","Washington","009"
"WI","55","Kewaunee","061"
"WI","55","Buffalo","011"
"TX","48","Henderson","213"
"TX","48","Bowie","037"
"TX","48","Milam","331"
"TX","48","Marion","315"
"TX","48","Coke","081"
"TX","48","Ward","475"
"TX","48","Frio","163"
"TX","48","Madison","313"
"TX","48","Coleman","083"
"TX","48","Leon","289"
"TX","48","Angelina","005"
"OK","40","Tulsa","143"
"OK","40","McCurtain","089"
"OK","40","Osage","113"
"OK","40","McClain","087"
"OK","40","Tillman","141"
"OK","40","Marshall","095"
"OK","40","Latimer","077"
"OK","40","Greer","055"
"OK","40","Woods","151"
"OR","41","Marion","047"
"OR","41","Tillamook","057"
"OR","41","Wasco","065"
"OR","41","Linn","043"
"OR","41","Gilliam","021"
"OR","41","Wallowa","063"
"OR","41","Deschutes","017"
"AL","01","Sumter","119"
"AR","05","Dallas","039"
"AR","05","Calhoun","013"
"AR","05","Little River","081"
"AR","05","Conway","029"
"ID","16","Washington","087"
"AR","05","Ashley","003"
"AR","05","Ouachita","103"
"AR","05","Clark","019"
"AR","05","Lafayette","073"
"AR","05","Independence","063"
"AR","05","Woodruff","147"
"AR","05","Mississippi","093"
"CA","06","Alpine","003"
"AR","05","Miller","091"
"AR","05","Monroe","095"
"AR","05","Chicot","017"
"ID","16","Teton","081"
"TX","48","Washington","477"
"TX","48","Childress","075"
"TX","48","Wilbarger","487"
"TX","48","Mills","333"
"TX","48","San Saba","411"
"TX","48","Shelby","419"
"TX","48","Crockett","105"
"TX","48","Burleson","051"
"WI","55","Sauk","111"
"WI","55","Ashland","003"
"WI","55","Crawford","023"
"WI","55","Florence","037"
"WI","55","Iron","051"
"MT","30","Silver Bow","093"
"MT","30","Golden Valley","037"
"MT","30","Richland","083"
"MT","30","Meagher","059"
"MT","30","Lake","047"
"MT","30","Mineral","061"
"MT","30","Chouteau","015"
"UT","49","Summit","043"
"UT","49","Box Elder","003"
"UT","49","Wasatch","051"
"UT","49","Cache","005"
"UT","49","Beaver","001"
"UT","49","Uintah","047"
"UT","49","Grand","019"
"AL","01","Clarke","025"
"AL","01","Covington","039"
"AL","01","Monroe","099"
"AL","01","Barbour","005"
"AL","01","Lowndes","085"
"AL","01","Elmore","051"
"NY","36","Oswego","075"
"NY","36","Ontario","069"
"NY","36","Wayne","117"
"NY","36","Livingston","051"
"NY","36","Dutchess","027"
"NY","36","Otsego","077"
"NY","36","Warren","113"
"NY","36","Cattaraugus","009"
"TX","48","Dallas","113"
"TX","48","Collin","085"
"TX","48","Travis","453"
"TX","48","Grayson","181"
"TX","48","El Paso","141"
"TX","48","Brazoria","039"
"TX","48","San Patricio","409"
"TX","48","Hardin","199"
"CA","06","Sutter","101"
"CA","06","Inyo","027"
"CA","06","Tuolumne","109"
"NY","36","Chautauqua","013"
"CA","06","Colusa","011"
"CA","06","Nevada","057"
"NY","36","Chenango","017"
"CA","06","Del Norte","015"
"CO","08","Arapahoe","005"
"FL","12","Orange","095"
"FL","12","Pasco","101"
"FL","12","Lee","071"
"FL","12","Polk","105"
"CO","08","Gunnison","051"
"CT","09","New London","011"
"DE","10","Kent","001"
"DC","11","District of Columbia","001"
"CO","08","San Miguel","113"
"FL","12","Brevard","009"
"FL","12","Osceola","097"
"FL","12","Jackson","063"
"FL","12","Citrus","017"
"FL","12","Charlotte","015"
"PA","42","Monroe","089"
"FL","12","Hardee","049"
"FL","12","Liberty","077"
"FL","12","Calhoun","013"
"FL","12","Hamilton","047"
"FL","12","Wakulla","129"
"MO","29","Jackson","095"
"MO","29","Carroll","033"
"MO","29","Camden","029"
"MO","29","Madison","123"
"MO","29","Butler","023"
"MO","29","Knox","103"
"MO","29","Putnam","171"
"MO","29","Perry","157"
"MO","29","Andrew","003"
"MA","25","Middlesex","017"
"MI","26","Alger","003"
"MI","26","Huron","063"
"MI","26","Ogemaw","129"
"MI","26","Menominee","109"
"MI","26","Isabella","073"
"MI","26","Grand Traverse","055"
"MI","26","Baraga","013"
"MI","26","Presque Isle","141"
"TX","48","Camp","063"
"TX","48","Dawson","115"
"TX","48","Lee","287"
"MN","27","Lake","075"
"PR","72","Vieques","147"
"PR","72","Corozal","047"
"PR","72","Utuado","141"
"PR","72","Carolina","031"
"PR","72","Ciales","039"
"PR","72","Cataño","033"
"AZ","04","Graham","009"
"AZ","04","Gila","007"
"AZ","04","Pinal","021"
"HI","15","Maui","009"
"HI","15","Kauai","007"
"ID","16","Elmore","039"
"MN","27","St. Louis","137"
"MN","27","Itasca","061"
"MN","27","Stearns","145"
"MN","27","Nicollet","103"
"MN","27","Redwood","127"
"MN","27","Morrison","097"
"MN","27","Marshall","089"
"MN","27","Steele","147"
"MN","27","Cook","031"
"MN","27","Big Stone","011"
"ND","38","Williams","105"
"ND","38","Cavalier","019"
"LA","22","Natchitoches","069"
"LA","22","Livingston","063"
"LA","22","St. Martin","099"
"LA","22","Bossier","015"
"LA","22","Winn","127"
"LA","22","Rapides","079"
"LA","22","St. Helena","091"
"LA","22","Vernon","115"
"LA","22","Acadia","001"
"LA","22","Iberia","045"
"LA","22","Catahoula","025"
"LA","22","Iberville","047"
"ND","38","Walsh","099"
"ND","38","Ramsey","071"
"ND","38","Foster","031"
"ND","38","Sioux","085"
"WV","54","Calhoun","013"
"WV","54","Braxton","007"
"LA","22","Red River","081"
"MS","28","Hancock","045"
"TX","48","San Jacinto","407"
"TX","48","Red River","387"
"TX","48","Caldwell","055"
"SC","45","Dorchester","035"
"SC","45","Spartanburg","083"
"SC","45","Oconee","073"
"SC","45","Greenwood","047"
"SC","45","Richland","079"
"SC","45","Darlington","031"
"SC","45","Lancaster","057"
"SC","45","Kershaw","055"
"SC","45","Hampton","049"
"SC","45","Marion","067"
"KY","21","Estill","065"
"LA","22","Lafayette","055"
"TN","47","Bedford","003"
"TN","47","Cumberland","035"
"TN","47","Gibson","053"
"TN","47","Smith","159"
"TN","47","Sumner","165"
"TN","47","Rutherford","149"
"SD","46","Tripp","123"
"SD","46","Meade","093"
"SD","46","Jackson","071"
"SD","46","Jones","075"
"TN","47","Hamilton","065"
"TN","47","Jefferson","089"
"TN","47","Benton","005"
"TN","47","White","185"
"TN","47","DeKalb","041"
"TN","47","Anderson","001"
"TN","47","Cocke","029"
"TN","47","Roane","145"
"TN","47","Blount","009"
"TN","47","Robertson","147"
"TN","47","Putnam","141"
"TN","47","Dickson","043"
"TN","47","Bradley","011"
"SD","46","Lyman","085"
"TN","47","Johnson","091"
"KS","20","Allen","001"
"TN","47","Perry","135"
"TN","47","Weakley","183"
"TN","47","Rhea","143"
"TN","47","Moore","127"
"TN","47","Van Buren","175"
"WY","56","Sheridan","033"
"WY","56","Big Horn","003"
"WV","54","Wood","107"
"WV","54","Mingo","059"
"WV","54","Cabell","011"
"WV","54","Nicholas","067"
"WV","54","Randolph","083"
"WV","54","Berkeley","003"
"WV","54","Mason","053"
"WV","54","Lewis","041"
"WV","54","Pleasants","073"
"WV","54","Hampshire","027"
"GA","13","Oconee","219"
"GA","13","Putnam","237"
"AZ","04","La Paz","012"
"GA","13","Miller","201"
"VA","51","Prince George","149"
"VA","51","Rappahannock","157"
"VA","51","Franklin","067"
"VA","51","Henrico","087"
"VA","51","Bath","017"
"VA","51","Patrick","141"
"VA","51","Spotsylvania","177"
"VA","51","Charlotte","037"
"VA","51","Louisa","109"
"VA","51","King William","101"
"VA","51","Caroline","033"
"VA","51","Surry","181"
"VA","51","Lexington","678"
"GA","13","Gwinnett","135"
"GA","13","Effingham","103"
"GA","13","Cobb","067"
"GA","13","DeKalb","089"
"GA","13","Houston","153"
"GA","13","Pierce","229"
"GA","13","Coweta","077"
"GA","13","Wilkes","317"
"GA","13","Newton","217"
"GA","13","Berrien","019"
"IA","19","Worth","195"
"IA","19","Cass","029"
"KS","20","Saline","169"
"KY","21","Rockcastle","203"
"KY","21","Perry","193"
"KY","21","Fleming","069"
"KY","21","Ohio","183"
"KY","21","Morgan","175"
"KS","20","Lincoln","105"
"KY","21","Elliott","063"
"IL","17","Lake","097"
"OH","39","Cuyahoga","035"
"OH","39","Holmes","075"
"OH","39","Lucas","095"
"CA","06","San Bernardino","071"
"CA","06","Marin","041"
"NY","36","Madison","053"
"NY","36","Erie","029"
"CA","06","Plumas","063"
"CA","06","San Luis Obispo","079"
"NY","36","Suffolk","103"
"CA","06","Calaveras","009"
"NY","36","Oneida","065"
"CO","08","Douglas","035"
"FL","12","Hillsborough","057"
"FL","12","Seminole","117"
"CT","09","Hartford","003"
"FL","12","Highlands","055"
"CO","08","Boulder","013"
"FL","12","Duval","031"
"FL","12","Putnam","107"
"CO","08","Park","093"
"CO","08","Huerfano","055"
"FL","12","St. Johns","109"
"PA","42","Delaware","045"
"PA","42","Somerset","111"
"PA","42","Pike","103"
"PA","42","Centre","027"
"RI","44","Kent","003"
"WI","55","Kenosha","059"
"MT","30","Fergus","027"
"MT","30","Ravalli","081"
"MT","30","Lewis and Clark","049"
"MT","30","Rosebud","087"
"MT","30","Beaverhead","001"
"MT","30","Cascade","013"
"MT","30","Broadwater","007"
"MT","30","McCone","055"
"UT","49","Weber","057"
"UT","49","Utah","049"
"UT","49","Garfield","017"
"AL","01","Baldwin","003"
"GA","13","Crawford","079"
"GA","13","Appling","001"
"MS","28","Attala","007"
"GA","13","Treutlen","283"
"TX","48","Cherokee","073"
"NJ","34","Ocean","029"
"NJ","34","Salem","033"
"NM","35","Rio Arriba","039"
"NM","35","Sandoval","043"
"MS","28","Warren","149"
"NM","35","Harding","021"
"AL","01","Washington","129"
"WA","53","Snohomish","061"
"VA","51","Augusta","015"
"WA","53","San Juan","055"
"VA","51","Campbell","031"
"WA","53","Spokane","063"
"VA","51","Dickenson","051"
"VA","51","Wise","195"
"WA","53","Cowlitz","015"
"NH","33","Grafton","009"
"NV","32","Lyon","019"
"MD","24","Charles","017"
"KY","21","Harlan","095"
"KY","21","Christian","047"
"ME","23","Knox","013"
"ME","23","Lincoln","015"
"LA","22","East Carroll","035"
"KY","21","Breckinridge","027"
"KY","21","Lawrence","127"
"KY","21","Madison","151"
"KY","21","Wayne","231"
"VA","51","Washington","191"
"MD","24","Harford","025"
"MD","24","Cecil","015"
"NC","37","Henderson","089"
"NC","37","Caldwell","027"
"NC","37","Onslow","133"
"NC","37","Forsyth","067"
"NC","37","Wilkes","193"
"NC","37","McDowell","111"
"NC","37","Martin","117"
"NC","37","Davie","059"
"NC","37","Jones","103"
"NV","32","Lander","015"
"MS","28","Harrison","047"
"MS","28","Copiah","029"
"MS","28","Bolivar","011"
"MS","28","DeSoto","033"
"MS","28","Noxubee","103"
"MS","28","Leflore","083"
"MS","28","Tate","137"
"TX","48","McMullen","311"
"ID","16","Fremont","043"
"ID","16","Clearwater","035"
"ID","16","Caribou","029"
"ID","16","Lemhi","059"
"ID","16","Twin Falls","083"
"ID","16","Adams","003"
"ID","16","Cassia","031"
"TX","48","Hudspeth","229"
"VT","50","Essex","009"
"MO","29","Lincoln","113"
"MO","29","Bates","013"
"MO","29","Shelby","205"
"MI","26","Monroe","115"
"MI","26","Oakland","125"
"MI","26","Macomb","099"
"MI","26","Marquette","103"
"IN","18","Clinton","023"
"TX","48","Titus","449"
"PR","72","Maunabo","095"
"MN","27","Hennepin","053"
"MN","27","Koochiching","071"
"MN","27","Blue Earth","013"
"MN","27","Brown","015"
"MN","27","Lac qui Parle","073"
"NC","37","Currituck","053"
"ND","38","Cass","017"
"NC","37","Tyrrell","177"
"TX","48","Robertson","395"
"LA","22","Bienville","013"
"LA","22","East Feliciana","037"
"LA","22","Jefferson Davis","053"
"LA","22","Evangeline","039"
"LA","22","Avoyelles","009"
"ND","38","McLean","055"
"WV","54","Tucker","093"
"TX","48","Yoakum","501"
"MS","28","Yalobusha","161"
"ID","16","Franklin","041"
"VT","50","Rutland","021"
"VA","51","Rockbridge","163"
"VA","51","Powhatan","145"
"VA","51","Carroll","035"
"VA","51","Fredericksburg","630"
"VA","51","Alleghany","005"
"AK","02","Dillingham","070"
"AK","02","Bethel","050"
"AK","02","North Slope","185"
"AK","02","Northwest Arctic","188"
"NE","31","McPherson","117"
"VI","78","St. Thomas","030"
"ME","23","Franklin","007"
"CO","08","Eagle","037"
"CO","08","Ouray","091"
"CO","08","Custer","027"
"NE","31","Keya Paha","103"
"CO","08","San Juan","111"
"AK","02","Kodiak Island","150"
"AL","01","Montgomery","101"
"VA","51","Floyd","063"
"VA","51","Russell","167"
"VA","51","Culpeper","047"
"WA","53","Lewis","041"
"VA","51","Albemarle","003"
"GA","13","Madison","195"
"GA","13","Camden","039"
"GA","13","Burke","033"
"GA","13","Glynn","127"
"GA","13","Lowndes","185"
"GA","13","Elbert","105"
"NC","37","Scotland","165"
"IA","19","Clinton","045"
"IA","19","Palo Alto","147"
"IN","18","Warrick","173"
"IN","18","Clark","019"
"IA","19","Emmet","063"
"KS","20","Haskell","081"
"KY","21","Johnson","115"
"KY","21","Marion","155"
"IL","17","DuPage","043"
"IL","17","Pulaski","153"
"IL","17","Saline","165"
"OH","39","Franklin","049"
"CA","06","Sacramento","067"
"CA","06","San Diego","073"
"CA","06","Shasta","089"
"NY","36","Jefferson","045"
"NY","36","Sullivan","105"
"NY","36","Essex","031"
"NY","36","Tioga","107"
"TX","48","Jefferson","245"
"TX","48","Wood","499"
"TX","48","Polk","373"
"TX","48","Starr","427"
"TX","48","Fort Bend","157"
"TX","48","Van Zandt","467"
"TX","48","Val Verde","465"
"TX","48","Wharton","481"
"TX","48","Crane","103"
"TX","48","Bosque","035"
"TX","48","Dimmit","127"
"TX","48","Goliad","175"
"OK","40","Cleveland","027"
"OK","40","Wagoner","145"
"OK","40","Le Flore","079"
"OK","40","Jefferson","067"
"OR","41","Lincoln","041"
"OR","41","Josephine","033"
"OR","41","Washington","067"
"CA","06","Mono","051"
"AR","05","Lawrence","075"
"AR","05","Hempstead","057"
"AR","05","Sebastian","131"
"CA","06","Sierra","091"
"ID","16","Clark","033"
"TX","48","Aransas","007"
"TX","48","Roberts","393"
"TX","48","Runnels","399"
"TX","48","Austin","015"
"SC","45","Aiken","003"
"SC","45","Charleston","019"
"SC","45","Florence","041"
"SC","45","Pickens","077"
"SC","45","Orangeburg","075"
"KY","21","Washington","229"
"TN","47","Loudon","105"
"TN","47","Shelby","157"
"TN","47","Claiborne","025"
"TN","47","Meigs","121"
"TN","47","Hamblen","063"
"TN","47","Hawkins","073"
"SD","46","Bon Homme","009"
"SD","46","Hamlin","057"
"KS","20","Lane","101"
"WY","56","Fremont","013"
"WV","54","Kanawha","039"
"WV","54","Harrison","033"
"WV","54","Logan","045"
"ID","16","Idaho","049"
"FL","12","Jefferson","065"
"FL","12","Bradford","007"
"MO","29","St. Charles","183"
"MO","29","Saline","195"
"MO","29","New Madrid","143"
"NC","37","Bladen","017"
"PA","42","Wayne","127"
"PA","42","York","133"
"PA","42","Indiana","063"
"RI","44","Newport","005"
"WI","55","Juneau","057"
"TX","48","Anderson","001"
"TX","48","Bee","025"
"TX","48","Rusk","401"
"TX","48","Hutchinson","233"
"OK","40","Seminole","133"
"OR","41","Lane","039"
"AR","05","Pulaski","119"
"AR","05","Union","139"
"AR","05","Faulkner","045"
"AR","05","Pike","109"
"AR","05","Clay","021"
"AR","05","Randolph","121"
"MN","27","Cass","021"
"MN","27","Yellow Medicine","173"
"ID","16","Owyhee","073"
"NC","37","Perquimans","143"
"ND","38","Richland","077"
"ND","38","LaMoure","045"
"ND","38","Morton","059"
"WV","54","Monroe","063"
"WV","54","Mineral","057"
"MS","28","Hinds","049"
"SC","45","Allendale","005"
"LA","22","East Baton Rouge","033"
"TN","47","Crockett","033"
"TN","47","Hickman","081"
"TN","47","Knox","093"
"TN","47","Campbell","013"
"TN","47","Wayne","181"
"SD","46","Lincoln","083"
"SD","46","Stanley","117"
"TN","47","Grainger","057"
"TN","47","Carter","019"
"SD","46","Dewey","041"
"KS","20","Morton","129"
"WV","54","Wayne","099"
"WV","54","Ritchie","085"
"WY","56","Sublette","035"
"WV","54","Morgan","065"
"VA","51","Gloucester","073"
"VA","51","Charles City","036"
"VA","51","Emporia","595"
"MS","28","Holmes","051"
"MS","28","Issaquena","055"
"FL","12","Dixie","029"
"ID","16","Boise","015"
"ID","16","Valley","085"
"ID","16","Canyon","027"
"VT","50","Windham","025"
"GA","13","Barrow","013"
"GA","13","Whitfield","313"
"NJ","34","Warren","041"
"WA","53","King","033"
"AL","01","Greene","063"
"NE","31","Stanton","167"
"KY","21","Campbell","037"
"VA","51","Lee","105"
"MA","25","Bristol","005"
"NC","37","Pasquotank","139"
"NC","37","Lenoir","107"
"KS","20","Chautauqua","019"
"NY","36","Herkimer","043"
"FL","12","Alachua","001"
"FL","12","Marion","083"
"CO","08","Las Animas","071"
"TX","48","Refugio","391"
"TX","48","Freestone","161"
"TX","48","Sabine","403"
"MT","30","Phillips","071"
"MT","30","Missoula","063"
"MT","30","Sanders","089"
"MT","30","Valley","105"
"MT","30","Deer Lodge","023"
"UT","49","Duchesne","013"
"UT","49","San Juan","037"
"UT","49","Juab","023"
"NY","36","Clinton","019"
"TX","48","Tyler","457"
"TX","48","Galveston","167"
"TX","48","Ellis","139"
"TX","48","Williamson","491"
"TX","48","Cameron","061"
"TX","48","Navarro","349"
"FL","12","Pinellas","103"
"FL","12","Gilchrist","041"
"CO","08","Jefferson","059"
"CT","09","Fairfield","001"
"DE","10","New Castle","003"
"FL","12","Escambia","033"
"MO","29","Cass","037"
"MO","29","Shannon","203"
"MO","29","Chariton","041"
"MI","26","Emmet","047"
"MI","26","St. Clair","147"
"MI","26","Montmorency","119"
"MI","26","Schoolcraft","153"
"PR","72","Orocovis","107"
"MP","69","Saipan","110"
"MP","69","Northern Islands","085"
"AZ","04","Yavapai","025"
"AZ","04","Yuma","027"
"NY","36","Richmond","085"
"NY","36","Onondaga","067"
"CA","06","Humboldt","023"
"CA","06","Lassen","035"
"NV","32","Clark","003"
"NV","32","White Pine","033"
"ME","23","Cumberland","005"
"KY","21","Greenup","089"
"LA","22","Washington","117"
"KS","20","Johnson","091"
"LA","22","West Carroll","123"
"ME","23","Oxford","017"
"LA","22","West Feliciana","125"
"KY","21","Livingston","139"
"VA","51","Frederick","069"
"ME","23","Somerset","025"
"MD","24","Baltimore","005"
"MD","24","Washington","043"
"MA","25","Norfolk","021"
"MD","24","Calvert","009"
"NC","37","Beaufort","013"
"NC","37","Johnston","101"
"NC","37","Catawba","035"
"NC","37","Brunswick","019"
"OR","41","Baker","001"
"AR","05","White","145"
"AR","05","Phillips","107"
"AR","05","Benton","007"
"TX","48","Grimes","185"
"MT","30","Gallatin","031"
"MT","30","Teton","099"
"UT","49","Tooele","045"
"UT","49","Morgan","029"
"VT","50","Windsor","027"
"TX","48","Comal","091"
"CO","08","Grand","049"
"FL","12","Hernando","053"
"MO","29","Stoddard","207"
"MA","25","Hampshire","015"
"TX","48","Mason","319"
"PR","72","Cabo Rojo","023"
"MN","27","Wright","171"
"NC","37","Camden","029"
"TX","48","Somervell","425"
"MI","26","Keweenaw","083"
"LA","22","Franklin","041"
"LA","22","Richland","083"
"WV","54","Pocahontas","075"
"SC","45","Newberry","071"
"LA","22","St. Mary","101"
"TN","47","Maury","119"
"TN","47","Cheatham","021"
"TN","47","Fentress","049"
"WV","54","Raleigh","081"
"WV","54","Gilmer","021"
"VA","51","Southampton","175"
"VA","51","Stafford","179"
"VA","51","New Kent","127"
"GA","13","Dodge","091"
"MS","28","Washington","151"
"MO","29","Holt","087"
"GA","13","Jefferson","163"
"GA","13","Chatham","051"
"GA","13","Twiggs","289"
"AL","01","Choctaw","023"
"WA","53","Kitsap","035"
"VA","51","Warren","187"
"AL","01","Houston","069"
"KY","21","Pike","195"
"LA","22","Tangipahoa","105"
"NC","37","Duplin","061"
"NC","37","Cumberland","051"
"KS","20","Franklin","059"
"OH","39","Meigs","105"
"CA","06","Mendocino","045"
"CO","08","Adams","001"
"CO","08","Mesa","077"
"FL","12","Walton","131"
"MT","30","Garfield","033"
"TX","48","Brazos","041"
"TX","48","Willacy","489"
"TX","48","Lubbock","303"
"OK","40","Choctaw","023"
"OR","41","Douglas","019"
"OR","41","Jefferson","031"
"AR","05","Howard","061"
"SC","45","Saluda","081"
"SC","45","McCormick","065"
"TN","47","Humphreys","085"
"WV","54","Hardy","031"
"MI","26","Mecosta","107"
"PR","72","San Juan","127"
"MN","27","Norman","107"
"TX","48","Irion","235"
"WV","54","Wetzel","103"
"ID","16","Butte","023"
"VA","51","Hanover","085"
"AK","02","Aleutians East","013"
"CO","08","Fremont","043"
"CO","08","Saguache","109"
"NJ","34","Essex","013"
"AL","01","Jackson","071"
"GA","13","Bryan","029"
"GA","13","Wayne","305"
"NC","37","Harnett","085"
"IN","18","Wells","179"
"IN","18","Crawford","025"
"KY","21","Crittenden","055"
"KS","20","Riley","161"
"KY","21","Wolfe","237"
"IL","17","Washington","189"
"CA","06","Orange","059"
"CA","06","Butte","007"
"AL","01","Lauderdale","077"
"WA","53","Jefferson","031"
"LA","22","Lafourche","057"
"VA","51","Mecklenburg","117"
"VA","51","Buchanan","027"
"MD","24","Caroline","011"
"PA","42","Chester","029"
"PA","42","Bucks","017"
"WI","55","Grant","043"
"TX","48","Haskell","207"
"MT","30","Granite","039"
"MT","30","Lincoln","053"
"MT","30","Jefferson","043"
"UT","49","Wayne","055"
"TX","48","Burnet","053"
"TX","48","La Salle","283"
"TX","48","Jackson","239"
"TX","48","Armstrong","011"
"SC","45","Chesterfield","025"
"TN","47","Washington","179"
"SD","46","Ziebach","137"
"AS","60","Western","050"
"MO","29","St. Louis","189"
"MO","29","Jefferson","099"
"TX","48","Kent","263"
"MN","27","Watonwan","165"
"MN","27","Dakota","037"
"MN","27","Lake of the Woods","077"
"LA","22","St. Landry","097"
"MS","28","Pearl River","109"
"NC","37","Graham","075"
"VA","51","Appomattox","011"
"VA","51","James City","095"
"AK","02","Haines","100"
"ID","16","Custer","037"
"NJ","34","Union","039"
"AL","01","DeKalb","049"
"VA","51","Grayson","077"
"GA","13","Greene","133"
"GA","13","Cook","075"
"GA","13","White","311"
"IA","19","Keokuk","107"
"IN","18","Spencer","147"
"IN","18","Dearborn","029"
"KY","21","Breathitt","025"
"KY","21","Magoffin","153"
"IL","17","McHenry","111"
"OH","39","Henry","069"
"CA","06","Monterey","053"
"CA","06","El Dorado","017"
"WA","53","Mason","045"
"VA","51","Fairfax","059"
"KY","21","Muhlenberg","177"
"NC","37","Hertford","091"
"NC","37","Richmond","153"
"PA","42","Westmoreland","129"
"PA","42","Armstrong","005"
"TX","48","Upshur","459"
"TX","48","Parmer","369"
"OK","40","Pottawatomie","125"
"LA","22","Ouachita","073"
"WV","54","Grant","023"
"SC","45","York","091"
"TN","47","Monroe","123"
"SD","46","Mellette","095"
"TN","47","Scott","151"
"SD","46","Union","127"
"WV","54","Fayette","019"
"AZ","04","Mohave","015"
"VA","51","York","199"
"VA","51","Pulaski","155"
"IN","18","Posey","129"
"KY","21","Caldwell","033"
"KS","20","Cheyenne","023"
"CA","06","San Joaquin","077"
"CO","08","Weld","123"
"NC","37","Moore","125"
"NC","37","Northampton","131"
"MS","28","Madison","089"
"TX","48","Nueces","355"
"TX","48","Eastland","133"
"TX","48","Victoria","469"
"OR","41","Sherman","055"
"OR","41","Malheur","045"
"AR","05","Prairie","117"
"SC","45","Laurens","059"
"TN","47","Marion","115"
"TN","47","Tipton","167"
"GA","13","Oglethorpe","221"
"MI","26","Gogebic","053"
"MN","27","Renville","129"
"NC","37","Hyde","095"
"LA","22","Sabine","085"
"WV","54","Tyler","095"
"MS","28","Calhoun","013"
"MS","28","Claiborne","021"
"SD","46","Jerauld","073"
"TX","48","Kenedy","261"
"CO","08","Chaffee","015"
"GA","13","Emanuel","107"
"NC","37","Chatham","037"
"IN","18","Washington","175"
"KS","20","Ottawa","143"
"KY","21","Fayette","067"
"NY","36","Monroe","055"
"AL","01","Dallas","047"
"AL","01","Clay","027"
"NE","31","Douglas","055"
"LA","22","Beauregard","011"
"VA","51","Tazewell","185"
"MD","24","Howard","027"
"PA","42","Cumberland","041"
"WI","55","Door","029"
"TX","48","Callahan","059"
"TX","48","Pecos","371"
"OR","41","Clackamas","005"
"AR","05","Desha","041"
"AR","05","Yell","149"
"MT","30","Glacier","035"
"UT","49","Emery","015"
"UT","49","Piute","031"
"CA","06","Glenn","021"
"CO","08","Clear Creek","019"
"FL","12","Franklin","037"
"MO","29","Boone","019"
"TX","48","Sutton","435"
"MN","27","Clay","027"
"TX","48","Menard","327"
"LA","22","Pointe Coupee","077"
"TX","48","Crosby","107"
"LA","22","Caldwell","021"
"WA","53","Yakima","077"
"GA","13","Telfair","271"
"GA","13","McIntosh","191"
"KS","20","Gray","069"
"IL","17","Alexander","003"
"CA","06","Santa Clara","085"
"SC","45","Berkeley","015"
"TN","47","Franklin","051"
"TN","47","Marshall","117"
"GU","66","Guam","010"
"TX","48","Cass","067"
"OR","41","Multnomah","051"
"LA","22","LaSalle","059"
"TN","47","Williamson","187"
"AZ","04","Coconino","005"
"UT","49","Carbon","007"
"FL","12","Columbia","023"
"MI","26","Leelanau","089"
"MD","24","Montgomery","031"
"GA","13","Baldwin","009"
"GA","13","Lincoln","181"
"AL","01","Franklin","059"
"MD","24","Dorchester","019"
"NC","37","Rowan","159"
"NC","37","Ashe","009"
"KS","20","Osborne","141"
"CA","06","Napa","055"
"NY","36","Niagara","063"
"FL","12","Gadsden","039"
"WI","55","Bayfield","007"
"GA","13","Habersham","137"
"OK","40","Bryan","013"
"OK","40","Jackson","065"
"AR","05","Lonoke","085"
"AR","05","Carroll","015"
"TX","48","Bailey","017"
"MT","30","Flathead","029"
"VT","50","Orange","017"
"TX","48","Montgomery","339"
"TX","48","Jasper","241"
"NY","36","Saratoga","091"
"CO","08","Denver","031"
"MI","26","Charlevoix","029"
"TX","48","Borden","033"
"MP","69","Rota","100"
"MN","27","Washington","163"
"ND","38","McKenzie","053"
"GA","13","Clarke","059"
"GA","13","Paulding","223"
"GA","13","Monroe","207"
"GA","13","Coffee","069"
"GA","13","Colquitt","071"
"GA","13","Jeff Davis","161"
"GA","13","Peach","225"
"GA","13","Heard","149"
"GA","13","Dooly","093"
"GA","13","Pike","231"
"MS","28","Wilkinson","157"
"TX","48","Floyd","153"
"SC","45","Bamberg","009"
"TN","47","Greene","059"
"TN","47","Sevier","155"
"WV","54","McDowell","047"
"GA","13","Washington","303"
"VA","51","Greene","079"
"VA","51","Dinwiddie","053"
"KY","21","Owen","187"
"CA","06","San Benito","069"
"DE","10","Sussex","005"
"NJ","34","Bergen","003"
"WA","53","Pierce","053"
"NE","31","Box Butte","013"
"ME","23","York","031"
"KY","21","Knott","119"
"NC","37","Davidson","057"
"MO","29","Dade","057"
"AZ","04","Navajo","017"
"AK","02","Kenai Peninsula","122"
"NE","31","Grant","075"
"GA","13","Tattnall","267"
"TX","48","Nolan","353"
"OR","41","Klamath","035"
"AR","05","Jefferson","069"
"SC","45","Colleton","029"
"WV","54","Pendleton","071"
"MO","29","Callaway","027"
"WI","55","Brown","009"
"TX","48","Houston","225"
"MN","27","Scott","139"
"LA","22","Morehouse","067"
"SD","46","Pennington","103"
"KS","20","Wallace","199"
"AZ","04","Cochise","003"
"NC","37","Clay","043"
"UT","49","Rich","033"
"TX","48","Orange","361"
"FL","12","Levy","075"
"FL","12","Bay","005"
"MI","26","Delta","041"
"LA","22","Caddo","017"
"MD","24","Frederick","021"
"AS","60","Manu'a","020"
"SC","45","Jasper","053"
"NC","37","Pamlico","137"
"CA","06","Yolo","113"
"GA","13","Worth","321"
"NM","35","Union","059"
"NM","35","Hidalgo","023"
"VA","51","Harrisonburg","660"
"VA","51","Brunswick","025"
"NH","33","Belknap","001"
"NV","32","Elko","007"
"NV","32","Nye","023"
"NE","31","Adams","001"
"NE","31","York","185"
"NE","31","Seward","159"
"NE","31","Nuckolls","129"
"AL","01","Coosa","037"
"VA","51","Nottoway","135"
"WA","53","Skamania","059"
"WA","53","Garfield","023"
"NM","35","Bernalillo","001"
"NM","35","Luna","029"
"NM","35","Cibola","006"
"NM","35","Guadalupe","019"
"NE","31","Rock","149"
"NE","31","Cheyenne","033"
"NE","31","Burt","021"
"NE","31","Hitchcock","087"
"NE","31","Kimball","105"
"NE","31","Pierce","139"
"NE","31","Valley","175"
"NE","31","Nance","125"
"KY","21","Meade","163"
"VA","51","Danville","590"
"KS","20","Crawford","037"
"KY","21","Simpson","213"
"ME","23","Washington","029"
"KY","21","Logan","141"
"KY","21","Marshall","157"
"MA","25","Barnstable","001"
"NE","31","Colfax","037"
"NE","31","Phelps","137"
"NE","31","Cedar","027"
"NE","31","Madison","119"
"NE","31","Dixon","051"
"NE","31","Buffalo","019"
"NE","31","Dawes","045"
"NC","37","Iredell","097"
"NC","37","Alamance","001"
"NC","37","Stokes","169"
"NV","32","Storey","029"
"IA","19","Buchanan","019"
"IA","19","Washington","183"
"IA","19","Polk","153"
"IA","19","Marshall","127"
"IA","19","Dallas","049"
"IA","19","Butler","023"
"IA","19","Clay","041"
"IN","18","Lawrence","093"
"NC","37","Yadkin","197"
"NC","37","Craven","049"
"NC","37","Gates","073"
"NC","37","Alleghany","005"
"WA","53","Asotin","003"
"MA","25","Berkshire","003"
"IN","18","Dubois","037"
"IN","18","Porter","127"
"IA","19","Des Moines","057"
"IA","19","Page","145"
"IN","18","Morgan","109"
"IN","18","Adams","001"
"IA","19","Delaware","055"
"IA","19","Audubon","009"
"IN","18","Putnam","133"
"IN","18","Fayette","041"
"IA","19","Montgomery","137"
"KS","20","Miami","121"
"KS","20","Jefferson","087"
"IN","18","Owen","119"
"IN","18","Wayne","177"
"IN","18","St. Joseph","141"
"IN","18","Cass","017"
"IA","19","Hamilton","079"
"IA","19","Winneshiek","191"
"IA","19","Bremer","017"
"IA","19","Tama","171"
"IA","19","Boone","015"
"IA","19","Henry","087"
"IN","18","Starke","149"
"MI","26","Tuscola","157"
"MI","26","St. Joseph","149"
"GA","13","Clayton","063"
"GA","13","Bleckley","023"
"GA","13","Pulaski","235"
"PR","72","Vega Alta","143"
"PR","72","Barranquitas","019"
"MS","28","Amite","005"
"MS","28","Stone","131"
"MS","28","Prentiss","117"
"MI","26","Manistee","101"
"AK","02","Bristol Bay","060"
"ND","38","Billings","007"
"GA","13","Meriwether","199"
"GA","13","Marion","197"
"PR","72","Moca","099"
"PR","72","Trujillo Alto","139"
"MS","28","Coahoma","027"
"MS","28","Newton","101"
"MS","28","Kemper","069"
"GA","13","Echols","101"
"NV","32","Lincoln","017"
"NE","31","Thomas","171"
"GA","13","Macon","193"
"PR","72","Fajardo","053"
"ID","16","Lincoln","063"
"ID","16","Oneida","071"
"NE","31","Sioux","165"
"ME","23","Penobscot","019"
"VA","51","Galax","640"
"GA","13","Morgan","211"
"GA","13","Turner","287"
"PR","72","Guayama","057"
"AZ","04","Greenlee","011"
"ID","16","Minidoka","067"
"VA","51","Nelson","125"
"VA","51","Lunenburg","111"
"VA","51","Fairfax","600"
"VA","51","Franklin","620"
"CO","08","Elbert","039"
"CO","08","Phillips","095"
"CO","08","Teller","119"
"CO","08","Archuleta","007"
"NC","37","Granville","077"
"NC","37","Wayne","191"
"AZ","04","Santa Cruz","023"
"MN","27","Becker","005"
"MN","27","Mille Lacs","095"
"MN","27","Pine","115"
"MN","27","Pennington","113"
"VA","51","Salem","775"
"VA","51","Poquoson","735"
"VA","51","Buena Vista","530"
"AK","02","Sitka","220"
"AK","02","Nome","180"
"AK","02","Hoonah-Angoon","105"
"CO","08","Sedgwick","115"
"CO","08","Cheyenne","017"
"CO","08","Mineral","079"
"NC","37","Rockingham","157"
"NC","37","Cleveland","045"
"MN","27","Clearwater","029"
"MN","27","Dodge","039"
"MN","27","Douglas","041"
"GA","13","Seminole","253"
"GA","13","Towns","281"
"GA","13","Randolph","243"
"NJ","34","Sussex","037"
"IA","19","Warren","181"
"IA","19","Pottawattamie","155"
"MN","27","Le Sueur","079"
"MN","27","Winona","169"
"GA","13","Glascock","125"
"FL","12","Hendry","051"
"MO","29","Ripley","181"
"NM","35","Los Alamos","028"
"NM","35","Lincoln","027"
"NM","35","Roosevelt","041"
"IA","19","Johnson","103"
"IA","19","Linn","113"
"IA","19","Dubuque","061"
"MN","27","Waseca","161"
"MN","27","Goodhue","049"
"MO","29","Jasper","097"
"MO","29","St. Louis","510"
"NM","35","Chaves","005"
"NM","35","Torrance","057"
"AL","01","Morgan","103"
"NC","37","Alexander","003"
"IA","19","Story","169"
"IA","19","Carroll","027"
"IA","19","Wapello","179"
"MN","27","Chisago","025"
"MN","27","Cottonwood","033"
"MN","27","Grant","051"
"MO","29","Douglas","067"
"MO","29","Howell","091"
"MO","29","Harrison","081"
"VA","51","Cumberland","049"
"GA","13","Jasper","159"
"IA","19","Dickinson","059"
"IA","19","Cerro Gordo","033"
"IA","19","Mahaska","123"
"ND","38","Adams","001"
"ND","38","Bottineau","009"
"MO","29","Lafayette","107"
"MO","29","Polk","167"
"GA","13","Chattooga","055"
"GA","13","Fannin","111"
"MI","26","Missaukee","113"
"MI","26","Gladwin","051"
"IN","18","Vermillion","165"
"ND","38","Emmons","029"
"MO","29","St. Clair","185"
"MO","29","Ralls","173"
"MO","29","Cooper","053"
"GA","13","Stephens","257"
"GA","13","Franklin","119"
"IN","18","White","181"
"IN","18","Randolph","135"
"IN","18","Martin","101"
"KY","21","Robertson","201"
"LA","22","Jackson","049"
"MO","29","Audrain","007"
"MO","29","Ray","177"
"MO","29","Wright","229"
"GA","13","Walton","297"
"GA","13","Clinch","065"
"IN","18","Ohio","115"
"IN","18","Union","161"
"WY","56","Niobrara","027"
"TX","48","Motley","345"
"LA","22","Assumption","007"
"ND","38","Ransom","073"
"ND","38","Steele","091"
"MO","29","Scotland","199"
"MO","29","Dent","065"
"MO","29","Pike","163"
"MO","29","Gentry","075"
"GA","13","Bartow","015"
"GA","13","Crisp","081"
"TX","48","Donley","129"
"TX","48","Glasscock","173"
"TX","48","Oldham","359"
"TX","48","Zapata","505"
"ND","38","Kidder","043"
"WV","54","Roane","087"
"MS","28","Lincoln","085"
"MS","28","Alcorn","003"
"MS","28","Grenada","043"
"MO","29","Cole","051"
"MO","29","Adair","001"
"MI","26","Montcalm","117"
"GA","13","Dawson","085"
"GA","13","Pickens","227"
"GA","13","Grady","131"
"PR","72","Guayanilla","059"
"PR","72","Aguadilla","005"
"MS","28","Smith","129"
"MS","28","Wayne","153"
"MS","28","Winston","159"
"MS","28","Jones","067"
"MI","26","Oceana","127"
"MI","26","Allegan","005"
"MI","26","Shiawassee","155"
"GA","13","Polk","233"
"GA","13","Banks","011"
"GA","13","Catoosa","047"
"PR","72","Gurabo","063"
"PR","72","Sabana Grande","121"
"TX","48","Wise","497"
"TX","48","Uvalde","463"
"TX","48","Webb","479"
"TX","48","Harrison","203"
"TX","48","Concho","095"
"TN","47","Hancock","067"
"KY","21","Lyon","143"
"KS","20","Grant","067"
"KY","21","Pendleton","191"
"KS","20","Ford","057"
"FL","12","Martin","085"
"CO","08","Montrose","085"
"CO","08","Kiowa","061"
"TX","48","Hale","189"
"TX","48","Castro","069"
"TX","48","Martin","317"
"TX","48","Knox","275"
"TN","47","Jackson","087"
"IL","17","Perry","145"
"IL","17","Vermilion","183"
"CO","08","Otero","089"
"PA","42","Potter","105"
"PA","42","Lackawanna","069"
"TX","48","Coryell","099"
"TX","48","Lynn","305"
"OK","40","Creek","037"
"TN","47","Lincoln","103"
"IL","17","Boone","007"
"IL","17","Jefferson","081"
"IL","17","McLean","113"
"IL","17","Wayne","191"
"PA","42","Warren","123"
"PA","42","Tioga","117"
"PA","42","Jefferson","065"
"OK","40","Hughes","063"
"OK","40","Craig","035"
"OK","40","Payne","119"
"TN","47","Lewis","101"
"TN","47","Overton","133"
"IL","17","Adams","001"
"IL","17","Monroe","133"
"PA","42","Carbon","025"
"PA","42","Bedford","009"
"OK","40","Coal","029"
"OK","40","Kingfisher","073"
"OK","40","Cotton","033"
"SD","46","Perkins","105"
"TN","47","Haywood","075"
"IL","17","Marion","121"
"IL","17","Knox","095"
"IL","17","Richland","159"
"RI","44","Bristol","001"
"WI","55","Vernon","123"
"OK","40","Grant","053"
"OR","41","Hood River","027"
"TN","47","Sequatchie","153"
"SD","46","Aurora","003"
"KS","20","Decatur","039"
"IL","17","Jersey","083"
"OH","39","Putnam","137"
"WI","55","Shawano","115"
"WI","55","Racine","101"
"OR","41","Columbia","009"
"OR","41","Polk","053"
"WV","54","Webster","101"
"WY","56","Weston","045"
"WV","54","Jackson","035"
"OH","39","Clermont","025"
"OH","39","Tuscarawas","157"
"WI","55","Eau Claire","035"
"WI","55","Clark","019"
"WI","55","Forest","041"
"AL","01","Geneva","061"
"IL","17","Hamilton","065"
"IL","17","Massac","127"
"SD","46","Walworth","129"
"TN","47","Bledsoe","007"
"KS","20","Clark","025"
"OH","39","Richland","139"
"OH","39","Noble","121"
"OH","39","Champaign","021"
"WI","55","Rusk","107"
"WI","55","Langlade","067"
"MT","30","Yellowstone","111"
"AR","05","Franklin","047"
"AR","05","Perry","105"
"KS","20","Graham","065"
"KS","20","Stafford","185"
"KS","20","Hodgeman","083"
"KS","20","Stevens","189"
"WY","56","Carbon","007"
"OH","39","Perry","127"
"OH","39","Columbiana","029"
"MT","30","Sheridan","091"
"MT","30","Custer","017"
"MT","30","Musselshell","065"
"AR","05","Garland","051"
"AR","05","Fulton","049"
"WV","54","Ohio","069"
"GA","13","Bacon","005"
"OH","39","Stark","151"
"OH","39","Geauga","055"
"MT","30","Prairie","079"
"MT","30","Daniels","019"
"MT","30","Wheatland","107"
"AR","05","Washington","143"
"AR","05","Searcy","129"
"TN","47","Henderson","077"
"SD","46","Spink","115"
"SD","46","Sully","119"
"OH","39","Wayne","169"
"OH","39","Darke","037"
"OH","39","Medina","103"
"UT","49","Washington","053"
"AL","01","Lee","081"
"AR","05","Logan","083"
"AR","05","Cleburne","023"
"SD","46","Deuel","039"
"SD","46","Brown","013"
"TN","47","Polk","139"
"OH","39","Guernsey","059"
"OH","39","Jefferson","081"
"VT","50","Washington","023"
"NY","36","Steuben","101"
"AR","05","Lincoln","079"
"ID","16","Bonner","017"
"SD","46","Brookings","011"
"SD","46","Moody","101"
"TN","47","Macon","111"
"OH","39","Monroe","111"
"OH","39","Harrison","067"
"OH","39","Clinton","027"
"NY","36","Albany","001"
"NY","36","Genesee","037"
"TX","48","Karnes","255"
"TX","48","Cooke","097"
"TX","48","Nacogdoches","347"
"KS","20","Douglas","045"
"KS","20","Clay","027"
"KS","20","Finney","055"
"NY","36","Lewis","049"
"NY","36","Fulton","035"
"CO","08","El Paso","041"
"NY","36","Broome","007"
"NY","36","Hamilton","041"
"TX","48","Comanche","093"
"TX","48","Gaines","165"
"TX","48","Baylor","023"
"KY","21","Webster","233"
"KS","20","Elk","049"
"KS","20","Linn","107"
"FL","12","Clay","019"
"FL","12","Monroe","087"
"CO","08","Kit Carson","063"
"TX","48","Wichita","485"
"TX","48","Tarrant","439"
"SC","45","Edgefield","037"
"SC","45","Sumter","085"
"SC","45","Williamsburg","089"
"KY","21","Henry","103"
"KS","20","Hamilton","075"
"KS","20","Scott","171"
"KS","20","Marshall","117"
"KS","20","Cloud","029"
"KS","20","Ellsworth","053"
"CO","08","Garfield","045"
"FL","12","Collier","021"
"TX","48","Panola","365"
"TX","48","Hood","221"
"TX","48","Falls","145"
"OK","40","Stephens","137"
"OK","40","Lincoln","081"
"MI","26","Sanilac","151"
"MI","26","Jackson","075"
"IL","17","Mercer","131"
"IL","17","Putnam","155"
"NY","36","Schoharie","095"
"NY","36","Wyoming","121"
"OK","40","McIntosh","091"
"CO","08","La Plata","067"
"CO","08","Washington","121"
"FL","12","Leon","073"
"FL","12","Miami-Dade","086"
"MI","26","Midland","111"
"MI","26","Ottawa","139"
"MI","26","Clinton","037"
"AR","05","Saline","125"
"AR","05","Izard","065"
"NY","36","Schuyler","097"
"NY","36","Tompkins","109"
"CT","09","Windham","015"
"FL","12","DeSoto","027"
"MI","26","Hillsdale","059"
"MI","26","Ingham","065"
"MI","26","Washtenaw","161"
"AR","05","Baxter","005"
"AR","05","Johnson","071"
"NY","36","Chemung","015"
"TX","48","Montague","337"
"TX","48","Young","503"
"FL","12","Sarasota","115"
"CO","08","Logan","075"
"MI","26","Cass","027"
"MI","26","Van Buren","159"
"MI","26","Branch","023"
"AR","05","Newton","101"
"AR","05","Montgomery","097"
"AR","05","Poinsett","111"
"AR","05","Madison","087"
"TX","48","Liberty","291"
"TX","48","Parker","367"
"TX","48","Bell","027"
"FL","12","Indian River","061"
"CO","08","Rio Blanco","103"
"GA","13","Irwin","155"
"MI","26","Bay","017"
"MI","26","Wexford","165"
"AR","05","Drew","043"
"AR","05","Hot Spring","059"
"AR","05","Van Buren","141"
"TX","48","Medina","325"
"TX","48","Brown","049"
"CA","06","Modoc","049"
"NY","36","Ulster","111"
"GA","13","Candler","043"
"AR","05","Polk","113"
"FL","12","Glades","043"
"MI","26","Kalkaska","079"
"MI","26","Roscommon","143"
"PA","42","Fulton","057"
"MI","26","Lake","085"
"AR","05","Sharp","135"
"TX","48","Potter","375"
"TX","48","Moore","341"
"TX","48","Wheeler","483"
"IN","18","Wabash","169"
"IN","18","Henry","065"
"IN","18","Grant","053"
"IA","19","Cedar","031"
"FL","12","Lafayette","067"
"MO","29","Montgomery","139"
"TX","48","Franklin","159"
"TX","48","Cottle","101"
"TX","48","Jim Hogg","247"
"TX","48","Shackelford","417"
"TX","48","King","269"
"TX","48","Bastrop","021"
"WI","55","Walworth","127"
"KS","20","Cowley","035"
"KS","20","Reno","155"
"KS","20","Wilson","205"
"KS","20","Thomas","193"
"MO","29","Pettis","159"
"MO","29","DeKalb","063"
"MO","29","Sullivan","211"
"PR","72","Cidra","041"
"PR","72","Humacao","069"
"WI","55","Green Lake","047"
"WI","55","Washington","131"
"IL","17","Kankakee","091"
"IL","17","Lawrence","101"
"IL","17","Douglas","041"
"MO","29","Pemiscot","155"
"MO","29","Taney","213"
"MO","29","Lawrence","109"
"IN","18","Newton","111"
"IN","18","Warren","171"
"WI","55","Oconto","083"
"WI","55","Pierce","093"
"OH","39","Defiance","039"
"OH","39","Morrow","117"
"OH","39","Fayette","047"
"NE","31","Pawnee","133"
"MO","29","Greene","077"
"MO","29","Macon","121"
"MO","29","Washington","221"
"TX","48","Archer","009"
"PR","72","Las Piedras","085"
"PR","72","Caguas","025"
"WI","55","Washburn","129"
"WI","55","Vilas","125"
"WI","55","Lincoln","069"
"MT","30","Powder River","075"
"NE","31","Scotts Bluff","157"
"NE","31","Hayes","085"
"KY","21","Mason","161"
"PA","42","Lebanon","075"
"MO","29","Texas","215"
"MO","29","Nodaway","147"
"MO","29","Pulaski","169"
"OK","40","Ellis","045"
"OK","40","Alfalfa","003"
"MT","30","Toole","101"
"MT","30","Dawson","021"
"WI","55","Lafayette","065"
"TX","48","Upton","461"
"TX","48","Jack","237"
"TX","48","Erath","143"
"MO","29","Daviess","061"
"MO","29","Livingston","117"
"OK","40","Johnston","069"
"OK","40","Rogers","131"
"OK","40","Atoka","005"
"MT","30","Stillwater","095"
"NE","31","Chase","029"
"AL","01","Fayette","057"
"TX","48","Stephens","429"
"TX","48","Ector","135"
"TX","48","Duval","131"
"TX","48","Gregg","183"
"MO","29","Platte","165"
"MO","29","Laclede","105"
"OK","40","Love","085"
"OK","40","Ottawa","115"
"UT","49","Millard","027"
"AL","01","Coffee","031"
"AL","01","Lamar","075"
"TX","48","Ochiltree","357"
"TX","48","Colorado","089"
"TX","48","Edwards","137"
"TX","48","Lavaca","285"
"MO","29","St. Francois","187"
"MO","29","Iron","093"
"MO","29","Webster","225"
"OK","40","Caddo","015"
"OK","40","Texas","139"
"OK","40","Harper","059"
"AL","01","Bullock","011"
"VT","50","Caledonia","005"
"TX","48","Bandera","019"
"TX","48","Llano","299"
"OK","40","Okmulgee","111"
"MO","29","Worth","227"
"MO","29","Barton","011"
"MO","29","Atchison","005"
"OK","40","Washita","149"
"OK","40","Major","093"
"OK","40","Dewey","043"
"NY","36","Yates","123"
"NY","36","Greene","039"
"OK","40","Garvin","049"
"OK","40","Cherokee","021"
"MO","29","Maries","125"
"MI","26","Genesee","049"
"MI","26","Gratiot","057"
"OR","41","Jackson","029"
"OK","40","Blaine","011"
"IL","17","De Witt","039"
"WA","53","Pend Oreille","051"
"WA","53","Klickitat","039"
"NC","37","Avery","011"
"NC","37","Durham","063"
"IA","19","Poweshiek","157"
"IA","19","Hancock","081"
"IA","19","Clarke","039"
"IN","18","LaPorte","091"
"IL","17","Kendall","093"
"IL","17","Grundy","063"
"IL","17","Macoupin","117"
"WA","53","Columbia","013"
"NH","33","Carroll","003"
"NV","32","Carson City","510"
"NC","37","Orange","135"
"PA","42","Beaver","007"
"IN","18","Fulton","049"
"IN","18","Vanderburgh","163"
"IA","19","Winnebago","189"
"IA","19","Wayne","185"
"IL","17","Williamson","199"
"IL","17","Jackson","077"
"NV","32","Douglas","005"
"NV","32","Humboldt","013"
"NE","31","Red Willow","145"
"PA","42","Union","119"
"PA","42","Venango","121"
"IN","18","Delaware","035"
"IN","18","Parke","121"
"IL","17","Tazewell","179"
"IL","17","Hancock","067"
"NE","31","Richardson","147"
"NE","31","Gage","067"
"NE","31","Keith","101"
"PA","42","Schuylkill","107"
"PA","42","Mercer","085"
"IN","18","Scott","143"
"IN","18","Jefferson","077"
"IL","17","Lee","103"
"IL","17","DeKalb","037"
"NE","31","Sarpy","153"
"NE","31","Wayne","179"
"PA","42","Butler","019"
"PA","42","Susquehanna","115"
"IA","19","Sioux","167"
"IN","18","Shelby","145"
"IA","19","Pocahontas","151"
"IL","17","Jo Daviess","085"
"IL","17","Iroquois","075"
"IL","17","Edgar","045"
"NE","31","Lincoln","111"
"NE","31","Butler","023"
"NE","31","Clay","035"
"PA","42","Lehigh","077"
"PA","42","Columbia","037"
"IN","18","Fountain","045"
"IN","18","Pulaski","131"
"IA","19","Mills","129"
"IL","17","Whiteside","195"
"IL","17","Montgomery","135"
"NE","31","Dakota","043"
"NE","31","Harlan","083"
"NE","31","Dundy","057"
"WI","55","Dodge","027"
"WI","55","Dane","025"
"KS","20","Smith","183"
"KS","20","Butler","015"
"IL","17","Christian","021"
"IL","17","Coles","029"
"NE","31","Furnas","065"
"NE","31","Cherry","031"
"MD","24","Wicomico","045"
"WI","55","Milwaukee","079"
"WI","55","Jefferson","055"
"KY","21","Barren","009"
"KS","20","Woodson","207"
"IL","17","Brown","009"
"IL","17","Clay","025"
"VA","51","Giles","071"
"KY","21","Carroll","041"
"LA","22","St. Bernard","087"
"WI","55","Waukesha","133"
"WI","55","Chippewa","017"
"KS","20","Wyandotte","209"
"KS","20","Russell","167"
"KS","20","Ellis","051"
"KS","20","Rooks","163"
"OH","39","Lake","085"
"OH","39","Carroll","019"
"VA","51","Mathews","115"
"ME","23","Hancock","009"
"KS","20","Seward","175"
"WI","55","Waupaca","135"
"WI","55","Jackson","053"
"KY","21","Spencer","215"
"KS","20","Shawnee","177"
"KY","21","Metcalfe","169"
"OH","39","Delaware","041"
"OH","39","Mercer","107"
"OH","39","Van Wert","161"
"KS","20","Labette","099"
"KY","21","Oldham","185"
"KY","21","McCracken","145"
"VA","51","Scott","169"
"WI","55","Polk","095"
"WI","55","Iowa","049"
"KS","20","Rawlins","153"
"KS","20","Leavenworth","103"
"KS","20","Anderson","003"
"OH","39","Portage","133"
"OH","39","Coshocton","031"
"KY","21","Boone","015"
"VA","51","Arlington","013"
"WI","55","Menominee","078"
"TX","48","Jones","253"
"TX","48","Fannin","147"
"KY","21","Shelby","211"
"KS","20","Barton","009"
"KS","20","Atchison","005"
"OH","39","Gallia","053"
"OH","39","Athens","009"
"OH","39","Logan","091"
"KY","21","Kenton","117"
"KY","21","Gallatin","077"
"TX","48","Rockwall","397"
"TX","48","McCulloch","307"
"TX","48","Howard","227"
"KS","20","Ness","135"
"KY","21","Green","087"
"KY","21","Cumberland","057"
"OH","39","Hancock","063"
"OH","39","Hocking","073"
"OH","39","Union","159"
"KY","21","Pulaski","199"
"KY","21","Jessamine","113"
"IA","19","Woodbury","193"
"IN","18","Boone","011"
"KS","20","McPherson","113"
"IL","17","Bureau","011"
"OH","39","Highland","071"
"OH","39","Crawford","033"
"OH","39","Wyandot","175"
"KY","21","Boyle","021"
"KY","21","Calloway","035"
"KY","21","Adair","001"
"IN","18","Hancock","059"
"IN","18","Hendricks","063"
"IN","18","Hamilton","057"
"IL","17","Randolph","157"
"IL","17","Shelby","173"
"OH","39","Hardin","065"
"CA","06","San Francisco","075"
"VA","51","Alexandria","510"
"MA","25","Plymouth","023"
"NC","37","Guilford","081"
"IN","18","Blackford","009"
"IN","18","Jay","075"
"IN","18","Kosciusko","085"
"IN","18","Miami","103"
"IA","19","Cherokee","035"
"IL","17","Carroll","015"
"IL","17","Madison","119"
"AL","01","Tuscaloosa","125"
"WA","53","Adams","001"
"NE","31","Nemaha","127"
"NE","31","Custer","041"
"NE","31","Sheridan","161"
"GA","13","Upson","293"
"MS","28","Chickasaw","017"
"MS","28","Leake","079"
"MS","28","Perry","111"
"MS","28","Clarke","023"
"PR","72","San Lorenzo","129"
"PR","72","Arroyo","015"
"NE","31","Franklin","061"
"MN","27","Rice","131"
"MN","27","Houston","055"
"GA","13","Spalding","255"
"MS","28","Clay","025"
"MS","28","Lauderdale","075"
"MS","28","Itawamba","057"
"PR","72","Jayuya","073"
"PR","72","Peñuelas","111"
"HI","15","Honolulu","003"
"ND","38","McIntosh","051"
"ND","38","Mercer","057"
"GA","13","Early","099"
"GA","13","Quitman","239"
"MS","28","Lamar","073"
"MS","28","Greene","041"
"MS","28","Sunflower","133"
"MS","28","Neshoba","099"
"PR","72","Luquillo","089"
"MN","27","Hubbard","057"
"MN","27","Fillmore","045"
"ND","38","Dunn","025"
"WV","54","Taylor","091"
"IA","19","Muscatine","139"
"IA","19","Sac","161"
"IA","19","Hardin","083"
"MS","28","Lafayette","071"
"MS","28","Montgomery","097"
"MN","27","Carver","019"
"MN","27","Beltrami","007"
"MS","28","Choctaw","019"
"MS","28","Lee","081"
"IA","19","Monona","133"
"KY","21","Trigg","221"
"KS","20","Harvey","079"
"ID","16","Madison","065"
"AK","02","Chugach","063"
"AK","02","Prince of Wales-Hyder","198"
"MO","29","Grundy","079"
"MN","27","Kanabec","065"
"MN","27","Nobles","105"
"MN","27","Wabasha","157"
"MS","28","Simpson","127"
"MS","28","Covington","031"
"IA","19","Adams","003"
"IA","19","Clayton","043"
"VA","51","Richmond","760"
"VT","50","Franklin","011"
"PR","72","Aibonito","009"
"PR","72","Quebradillas","115"
"MN","27","Kandiyohi","067"
"ND","38","Bowman","011"
"MS","28","Franklin","037"
"MS","28","Pontotoc","115"
"MS","28","Quitman","119"
"IA","19","Fremont","071"
"IN","18","Bartholomew","005"
"IN","18","Jennings","079"
"MO","29","Johnson","101"
"MO","29","Morgan","141"
"MO","29","Hickory","085"
"ND","38","Pierce","069"
"SD","46","Hand","059"
"WY","56","Platte","031"
"WY","56","Washakie","043"
"MS","28","Jefferson Davis","065"
"MS","28","Tippah","139"
"MS","28","Tishomingo","141"
"KY","21","Edmonson","061"
"KS","20","Rush","165"
"KS","20","Bourbon","011"
"KS","20","Kingman","095"
"KS","20","Harper","077"
"MO","29","Vernon","217"
"MO","29","Newton","145"
"VA","51","Petersburg","730"
"IN","18","Ripley","137"
"IN","18","Noble","113"
"IA","19","Monroe","135"
"MS","28","Walthall","147"
"ID","16","Boundary","021"
"ID","16","Benewah","009"
"IN","18","Marion","097"
"IA","19","Madison","121"
"MO","29","Clark","045"
"MO","29","Henry","083"
"MI","26","Newaygo","123"
"KS","20","Barber","007"
"IL","17","Piatt","147"
"OH","39","Paulding","125"
"PA","42","Allegheny","003"
"PR","72","Guánica","055"
"VA","51","Norfolk","710"
"VA","51","Hopewell","670"
"IA","19","Chickasaw","037"
"IN","18","Huntington","069"
"IN","18","Marshall","099"
"IN","18","Jasper","073"
"IA","19","Osceola","143"
"MI","26","Houghton","061"
"MI","26","Ionia","067"
"WI","55","Sheboygan","117"
"WI","55","Waushara","137"
"VA","51","Roanoke","770"
"VA","51","Colonial Heights","570"
"AK","02","Aleutians West","016"
"AK","02","Kusilvak","158"
"NE","31","Cuming","039"
"NE","31","Greeley","077"
"NE","31","Brown","017"
"NE","31","Perkins","135"
"MI","26","Cheboygan","031"
"MI","26","Luce","095"
"WI","55","Burnett","013"
"WI","55","Taylor","119"
"MT","30","Fallon","025"
"ND","38","Golden Valley","033"
"SD","46","Harding","063"
"NE","31","Logan","113"
"TX","48","Kimble","267"
"TX","48","Cochran","079"
"NE","31","Hooker","091"
"LA","22","Cameron","023"
"KS","20","Montgomery","125"
"MI","26","Ontonagon","131"
"MI","26","Crawford","039"
"IN","18","LaGrange","087"
"IN","18","Benton","007"
"MT","30","Treasure","103"
"GA","13","Ware","299"
"GA","13","Lamar","171"
"ME","23","Kennebec","011"
"ME","23","Androscoggin","001"
"KY","21","Bracken","023"
"KY","21","Powell","197"
"WY","56","Crook","011"
"TX","48","Hockley","219"
"TX","48","Winkler","495"
"PR","72","Juncos","077"
"NM","35","San Miguel","047"
"NM","35","Curry","009"
"CO","08","Conejos","021"
"CO","08","Baca","009"
"CO","08","Prowers","099"
"MD","24","Baltimore","510"
"MA","25","Dukes","007"
"NC","37","Randolph","151"
"PR","72","Toa Baja","137"
"PR","72","Guaynabo","061"
"AL","01","Chambers","017"
"AL","01","Cleburne","029"
"AL","01","Macon","087"
"AL","01","St. Clair","115"
"WA","53","Stevens","065"
"NV","32","Churchill","001"
"CO","08","Crowley","025"
"CO","08","Gilpin","047"
"CO","08","Bent","011"
"NC","37","Vance","181"
"NC","37","Lincoln","109"
"IA","19","Franklin","069"
"PR","72","Lajas","079"
"PR","72","Culebra","049"
"NE","31","Lancaster","109"
"NE","31","Johnson","097"
"NE","31","Sherman","163"
"NE","31","Morrill","123"
"NM","35","Eddy","015"
"NM","35","Catron","003"
"VA","51","Roanoke","161"
"AL","01","Chilton","021"
"VA","51","Chesterfield","041"
"GA","13","Screven","251"
"IA","19","Black Hawk","013"
"IA","19","Kossuth","109"
"MS","28","Webster","155"
"WV","54","Mercer","055"
"WV","54","Marshall","051"
"GA","13","Wheeler","309"
"KS","20","Osage","139"
"KS","20","Sheridan","179"
"IL","17","Will","197"
"IL","17","LaSalle","099"
"PR","72","Toa Alta","135"
"PR","72","Aguada","003"
"NM","35","De Baca","011"
"IL","17","Hardin","069"
"MS","28","Lawrence","077"
"MS","28","Pike","113"
"WV","54","Summers","089"
"WY","56","Hot Springs","017"
"IL","17","Peoria","143"
"IL","17","Ogle","141"
"PR","72","San Sebastián","131"
"PR","72","Loíza","087"
"TX","48","Kendall","259"
"TX","48","Blanco","031"
"TX","48","Sherman","421"
"TX","48","Fayette","149"
"WV","54","Hancock","029"
"GA","13","Evans","109"
"IL","17","Union","181"
"IL","17","Livingston","105"
"IL","17","Woodford","203"
"PR","72","Villalba","149"
"PR","72","Hatillo","065"
"SC","45","Barnwell","011"
"PA","42","Sullivan","113"
"TN","47","Madison","113"
"GA","13","Stewart","259"
"VT","50","Lamoille","015"
"IL","17","Fulton","057"
"IL","17","Effingham","049"
"PR","72","Maricao","093"
"PR","72","Adjuntas","001"
"TN","47","Warren","177"
"TN","47","Cannon","015"
"VA","51","Sussex","183"
"VA","51","Hampton","650"
"IL","17","Crawford","033"
"OH","39","Mahoning","099"
"PR","72","Canóvanas","029"
"MP","69","Tinian","120"
"TN","47","Decatur","039"
"SD","46","Hutchinson","067"
"VA","51","Portsmouth","740"
"VA","51","Winchester","840"
"VA","51","Wythe","197"
"VA","51","Manassas Park","685"
"FL","12","Flagler","035"
"PA","42","Berks","011"
"PA","42","Greene","059"
"GA","13","Calhoun","037"
"HI","15","Kalawao","005"
"SD","46","Yankton","135"
"SD","46","Brule","015"
"SD","46","McCook","087"
"VA","51","Chesapeake","550"
"VA","51","Charlottesville","540"
"VA","51","Williamsburg","830"
"OH","39","Summit","153"
"OH","39","Warren","165"
"MN","27","Anoka","003"
"MN","27","Wadena","159"
"MN","27","Carlton","017"
"SD","46","Lawrence","081"
"SD","46","Turner","125"
"SD","46","McPherson","089"
"VA","51","Norton","720"
"VA","51","Radford","750"
"GA","13","Troup","285"
"OH","39","Shelby","149"
"OH","39","Morgan","115"
"OH","39","Fulton","051"
"MN","27","Otter Tail","111"
"MN","27","Crow Wing","035"
"MN","27","Faribault","043"
"TN","47","Fayette","047"
"SD","46","Roberts","109"
"GA","13","Decatur","087"
"GA","13","Cherokee","057"
"WI","55","Green","045"
"WI","55","Manitowoc","071"
"MN","27","Lyon","083"
"MN","27","Mahnomen","087"
"MN","27","McLeod","085"
"MN","27","Martin","091"
"SD","46","Hyde","069"
"TN","47","Obion","131"
"SD","46","Hanson","061"
"GA","13","Hart","147"
"IA","19","Davis","051"
"IA","19","Marion","125"
"IN","18","DeKalb","033"
"OH","39","Scioto","145"
"OH","39","Pickaway","129"
"MN","27","Roseau","135"
"MN","27","Lincoln","081"
"MN","27","Pope","121"
"SD","46","Campbell","021"
"TN","47","McNairy","109"
"SD","46","Buffalo","017"
"IN","18","Floyd","043"
"IA","19","Webster","187"
"IA","19","Taylor","173"
"OH","39","Pike","131"
"FL","12","Manatee","081"
"MN","27","Swift","151"
"AZ","04","Pima","019"
"ND","38","Dickey","021"
"TN","47","Unicoi","171"
"KS","20","Greenwood","073"
"KS","20","Edwards","047"
"IA","19","Iowa","095"
"IA","19","Humboldt","091"
"IN","18","Tipton","159"
"IN","18","Elkhart","039"
"WI","55","Portage","097"
"WI","55","Monroe","081"
"ND","38","Divide","023"
"ND","38","Burke","013"
"TX","48","Garza","169"
"TX","48","Carson","065"
"KS","20","Gove","063"
"KS","20","Chase","017"
"TN","47","Chester","023"
"IN","18","Clay","021"
"IN","18","Monroe","105"
"IA","19","Benton","011"
"OH","39","Brown","015"
"OH","39","Greene","057"
"ND","38","McHenry","049"
"LA","22","West Baton Rouge","121"
"TN","47","Clay","027"
"WY","56","Sweetwater","037"
"IA","19","Allamakee","005"
"IN","18","Montgomery","107"
"IN","18","Franklin","047"
"PR","72","Lares","081"
"PR","72","Bayamón","021"
"AS","60","Swains Island","040"
"LA","22","Allen","003"
"LA","22","Lincoln","061"
"WY","56","Lincoln","023"
"WY","56","Albany","001"
"KS","20","Dickinson","041"
"KS","20","Cherokee","021"
"KS","20","Neosho","133"
"PR","72","Yabucoa","151"
"LA","22","St. John the Baptist","095"
"ND","38","Stutsman","093"
"ND","38","Nelson","063"
"WY","56","Johnson","019"
"KS","20","Geary","061"
"KS","20","Rice","159"
"KS","20","Sumner","191"
"KS","20","Kearny","093"
"PR","72","Arecibo","013"
"PR","72","Naranjito","105"
"ND","38","Logan","047"
"ND","38","Sheridan","083"
"ND","38","Stark","089"
"WV","54","Brooke","009"
"WV","54","Monongalia","061"
"MO","29","Ozark","153"
"MO","29","Phelps","161"
"MO","29","Reynolds","179"
"WA","53","Benton","005"
"GA","13","Carroll","045"
"GA","13","Harris","145"
"PR","72","Coamo","043"
"NY","36","Columbia","021"
"SD","46","Minnehaha","099"
"SD","46","Kingsbury","077"
"SD","46","Miner","097"
"KS","20","Morris","127"
"MT","30","Wibaux","109"
"KY","21","Hancock","091"
"NC","37","Washington","187"
"IA","19","Jackson","097"
"AL","01","Limestone","083"
"NH","33","Hillsborough","011"
"WY","56","Goshen","015"
"GA","13","Johnson","167"
"NC","37","Cabarrus","025"
"IA","19","Buena Vista","021"
"IN","18","Steuben","151"
"IA","19","Harrison","085"
"IA","19","Appanoose","007"
"IN","18","Greene","055"
"NH","33","Cheshire","005"
"NE","31","Thayer","169"
"ID","16","Bingham","011"
"VA","51","Covington","580"
"MS","28","Oktibbeha","105"
"IN","18","Madison","095"
"IN","18","Decatur","031"
"KS","20","Sherman","181"
"KS","20","Coffey","031"
"KY","21","Casey","045"
"IL","17","Macon","115"
"IL","17","Fayette","051"
"NE","31","Cass","025"
"NE","31","Jefferson","095"
"MS","28","Carroll","015"
"ID","16","Jefferson","051"
"IL","17","Moultrie","139"
"IL","17","White","193"
"OH","39","Montgomery","113"
"OH","39","Fairfield","045"
"NE","31","Kearney","099"
"NE","31","Dodge","053"
"GA","13","Atkinson","003"
"NM","35","Valencia","061"
"NE","31","Garden","069"
"OH","39","Sandusky","143"
"OH","39","Seneca","147"
"OH","39","Allen","003"
"OH","39","Miami","109"
"NE","31","Otoe","131"
"NE","31","Fillmore","059"
"NE","31","Dawson","047"
"NE","31","Antelope","003"
"KY","21","Graves","083"
"OH","39","Clark","023"
"OH","39","Knox","083"
"TX","48","Swisher","437"
"OR","41","Crook","013"
"PA","42","Mifflin","087"
"WI","55","Fond du Lac","039"
"TX","48","Real","385"
"PA","42","Bradford","015"
"LA","22","Claiborne","027"
"KY","21","Todd","219"
"TX","48","Wilson","493"
"SD","46","Sanborn","111"
"GA","13","Jenkins","165"
"TX","48","Atascosa","013"
"WI","55","Ozaukee","089"
"MT","30","Carter","011"
"AL","01","Winston","133"
"KS","20","Sedgwick","173"
"KY","21","Monroe","171"
"NC","37","Person","145"
"NC","37","Gaston","071"
"ID","16","Nez Perce","069"
"TX","48","Dickens","125"
"WI","55","Marquette","077"
"OK","40","Beckham","009"
"MN","27","Murray","101"
"ND","38","Hettinger","041"
"SD","46","Edmunds","045"
"NY","36","Seneca","099"
"TX","48","Gonzales","177"
"NE","31","Deuel","049"
"PA","42","Elk","047"
"TX","48","Hunt","231"
"NY","36","Putnam","079"
"TX","48","Fisher","151"
"NY","36","Schenectady","093"
"VA","51","Staunton","790"
"NE","31","Hall","079"
"IA","19","Ida","093"
"OH","39","Huron","077"
"AR","05","Craighead","031"
"TX","48","Hall","191"
"TX","48","Terry","445"
"TN","47","Hardeman","069"
"PA","42","Cambria","021"
"WI","55","Dunn","033"
"CO","08","Pueblo","101"
"CO","08","Alamosa","003"
"MO","29","Crawford","055"
"UT","49","Sanpete","039"
"AL","01","Dale","045"
"SD","46","Clark","025"
"AR","05","Crittenden","035"
"WY","56","Uinta","041"
"MO","29","Osage","151"
"MI","26","Mason","105"
"MI","26","Osceola","133"
"MI","26","Livingston","093"
"MI","26","Lenawee","091"
"NY","36","St. Lawrence","089"
"NY","36","Orleans","073"
"GA","13","Lanier","173"
"MO","29","Linn","115"
"MO","29","Mississippi","133"
"MI","26","Oscoda","135"
"MI","26","Lapeer","087"
"MI","26","Clare","035"
"MI","26","Dickinson","043"
"IN","18","Sullivan","153"
"NY","36","Allegany","003"
"TX","48","Denton","121"
"TX","48","Taylor","441"
"MO","29","Christian","043"
"MO","29","Ste. Genevieve","186"
"MI","26","Antrim","009"
"MI","26","Benzie","019"
"IN","18","Brown","013"
"PR","72","Camuy","027"
"PR","72","Barceloneta","017"
"FL","12","St. Lucie","111"
"FL","12","Okaloosa","091"
"CO","08","Moffat","081"
"MI","26","Kent","081"
"TX","48","Andrews","003"
"PR","72","Morovis","101"
"TX","48","Hemphill","211"
"PR","72","Comerío","045"
"PR","72","San Germán","125"
"NY","36","New York","061"
"PR","72","Cayey","035"
"MN","27","Isanti","059"
"CO","08","Lincoln","073"
"CO","08","Broomfield","014"
"MN","27","Meeker","093"
"MN","27","Pipestone","117"
"ND","38","Ward","101"
"MS","28","Jasper","061"
"PR","72","Manatí","091"
"PR","72","Juana Díaz","075"
"MN","27","Sibley","143"
"ND","38","Eddy","027"
"TX","48","Gillespie","171"
"MO","29","Bollinger","017"
"MO","29","Warren","219"
"MO","29","Randolph","175"
"MS","28","Scott","123"
"VA","51","Bland","021"
"AK","02","Yukon-Koyukuk","290"
"NE","31","Arthur","005"
"PR","72","Naguabo","103"
"PR","72","Aguas Buenas","007"
"OK","40","Noble","103"
"OK","40","Pontotoc","123"
"PR","72","Florida","054"
"AK","02","Ketchikan Gateway","130"
"MO","29","Lewis","111"
"IL","17","Schuyler","169"
"SC","45","Dillon","033"
"SC","45","Abbeville","001"
"OK","40","Roger Mills","129"
"GA","13","Rockdale","247"
"IL","17","Calhoun","013"
"OH","39","Wood","173"
"SD","46","Grant","051"
"SD","46","Beadle","005"
"SD","46","Clay","027"
"OR","41","Coos","011"
"OR","41","Harney","025"
"GA","13","Lumpkin","187"
"VA","51","Bristol","520"
"OH","39","Licking","089"
"OH","39","Butler","017"
"TN","47","Pickett","137"
"SD","46","Oglala Lakota","102"
"SD","46","Faulk","049"
"IL","17","Henderson","071"
"AR","05","Cross","037"
"AR","05","Scott","127"
"IA","19","Jones","105"
"IA","19","Shelby","165"
"IN","18","Howard","067"
"IN","18","Rush","139"
"IA","19","O'Brien","141"
"OH","39","Adams","001"
"CA","06","Kings","031"
"SD","46","Hughes","065"
"SD","46","Custer","033"
"MN","27","Mower","099"
"MN","27","Todd","153"
"MN","27","Jackson","063"
"KS","20","Washington","201"
"KS","20","Nemaha","131"
"OH","39","Madison","097"
"AL","01","Butler","013"
"AL","01","Randolph","111"
"VT","50","Chittenden","007"
"TN","47","Trousdale","169"
"SD","46","Fall River","047"
"TN","47","Houston","083"
"ND","38","Slope","087"
"ND","38","Sargent","081"
"FL","12","Holmes","059"
"TX","48","Deaf Smith","117"
"TX","48","Lipscomb","295"
"TX","48","Lamb","279"
"NY","36","Montgomery","057"
"TX","48","McLennan","309"
"KS","20","Republic","157"
"IA","19","Van Buren","177"
"TN","47","Grundy","061"
"TX","48","Live Oak","297"
"LA","22","St. Charles","089"
"ND","38","Barnes","003"
"IL","17","Morgan","137"
"IL","17","Henry","073"
"IL","17","Cumberland","035"
"TX","48","Johnson","251"
"TX","48","Tom Green","451"
"TX","48","Palo Pinto","363"
"TX","48","Midland","329"
"WY","56","Campbell","005"
"WV","54","Clay","015"
"WV","54","Putnam","079"
"ND","38","Rolette","079"
"ND","38","Griggs","039"
"ND","38","Oliver","065"
"TX","48","Briscoe","045"
"CA","06","Kern","029"
"TX","48","Kinney","271"
"TX","48","Limestone","293"
"TX","48","DeWitt","123"
"OK","40","Delaware","041"
"GA","13","Dade","083"
"GA","13","Chattahoochee","053"
"KY","21","Carlisle","039"
"TX","48","Clay","077"
"NE","31","Banner","007"
"UT","49","Iron","021"
"OK","40","Kay","071"
"OK","40","Okfuskee","107"
"GA","13","Clay","061"
"MO","29","Stone","209"
"TN","47","Montgomery","125"
"SD","46","Codington","029"
"OH","39","Trumbull","155"
"OH","39","Ross","141"
"OK","40","Logan","083"
"OK","40","Grady","051"
"MO","29","Franklin","071"
"SD","46","Gregory","053"
"TN","47","Hardin","071"
"GA","13","Butts","035"
"NM","35","Quay","037"
"PA","42","Montour","093"
"OR","41","Yamhill","071"
"MO","29","Clay","047"
"PA","42","Adams","001"
"SD","46","Davison","035"
"SD","46","Todd","121"
"SD","46","Day","037"
"KS","20","Norton","137"
"WV","54","Greenbrier","025"
"AL","01","Henry","067"
"VA","51","Craig","045"
"KY","21","Daviess","059"
"OR","41","Wheeler","069"
"OR","41","Lake","037"
"PA","42","Wyoming","131"
"WI","55","Calumet","015"
"WI","55","Winnebago","139"
"WV","54","Upshur","097"
"AS","60","Eastern","010"
"NH","33","Merrimack","013"
"NE","31","Thurston","173"
"PA","42","Forest","053"
"AL","01","Cherokee","019"
"WI","55","St. Croix","109"
"WI","55","Barron","005"
"WV","54","Wirt","105"
"GA","13","Jones","169"
"KS","20","Wabaunsee","197"
"IL","17","Greene","061"
"AR","05","Crawford","033"
"AR","05","Pope","115"
"WI","55","Richland","103"
"WI","55","Wood","141"
"TX","48","Scurry","415"
"GA","13","Terrell","273"
"GA","13","Ben Hill","017"
"IL","17","Gallatin","059"
"IL","17","Ford","053"
"AR","05","Marion","089"
"AR","05","Columbia","027"
"OK","40","Haskell","061"
"ID","16","Ada","001"
"VA","51","Waynesboro","820"
"MS","28","Benton","009"
"ID","16","Blaine","013"
"IL","17","Pike","149"
"TX","48","Brooks","047"
"TX","48","Collingsworth","087"
"TX","48","Reagan","383"
"SC","45","Chester","023"
"PA","42","Cameron","023"
"OK","40","Pittsburg","121"
"OK","40","Washington","147"
"IL","17","Clark","023"
"OH","39","Belmont","013"
"OH","39","Preble","135"
"MO","29","Oregon","149"
"MO","29","Dallas","059"
"ID","16","Kootenai","055"
"NM","35","Otero","035"
"NV","32","Mineral","021"
"FL","12","Broward","011"
"PA","42","Crawford","039"
"MO","29","Buchanan","021"
"MA","25","Nantucket","019"
"IA","19","Jefferson","101"
"KY","21","McLean","149"
"IL","17","Stark","175"
"TX","48","Schleicher","413"
"WI","55","Outagamie","087"
"MT","30","Park","067"
"PR","72","Hormigueros","067"
"MI","26","Arenac","011"
"IL","17","Pope","151"
"VT","50","Grand Isle","013"
"AL","01","Perry","105"
"SD","46","Douglas","043"
"NE","31","Boone","011"
"MO","29","Barry","009"
"NE","31","Hamilton","081"
"PR","72","Vega Baja","145"
"PR","72","Río Grande","119"
"TN","47","Carroll","017"
"KS","20","Jewell","089"
"ID","16","Bear Lake","007"
"MO","29","McDonald","119"
"CO","08","Yuma","125"
"KY","21","Trimble","223"
"MN","27","Aitkin","001"
"MN","27","Stevens","149"
"KY","21","Lee","129"
"CO","08","Morgan","087"
"TX","48","Jeff Davis","243"
"MO","29","Cedar","039"
"WI","55","Sawyer","113"
"GA","13","Sumter","261"
"WA","53","Okanogan","047"
"VA","51","Northampton","131"
"IA","19","Wright","197"
"NY","36","Nassau","059"
"FL","12","Nassau","089"
"TX","48","Presidio","377"
"AR","05","Sevier","133"
"FL","12","Suwannee","121"
"LA","22","Madison","065"
"VA","51","Madison","113"
"AK","02","Fairbanks North Star","090"
"CO","08","Dolores","033"
"AL","01","Russell","113"
"GA","13","Brooks","027"
"MI","26","Alpena","007"
"SD","46","Butte","019"
"AR","05","Boone","009"
"MO","29","Carter","035"
"NM","35","Socorro","053"
"KS","20","Jackson","085"
"WV","54","Doddridge","017"
"NE","31","Gosper","073"
"OK","40","Cimarron","025"
"FL","12","Washington","133"
"AL","01","Escambia","053"
"PA","42","Perry","099"
"SD","46","Corson","031"
"KS","20","Comanche","033"
"WY","56","Natrona","025"
"KS","20","Marion","115"
"WY","56","Laramie","021"
"MS","28","Forrest","035"
"MI","26","Barry","015"
"GA","13","Thomas","275"
"IA","19","Fayette","065"
"IN","18","Tippecanoe","157"
"NV","32","Pershing","027"
"KS","20","Kiowa","097"
"GA","13","Schley","249"
"NV","32","Esmeralda","009"
"KY","21","Grant","081"
"IL","17","Johnson","087"
"OH","39","Auglaize","011"
"LA","22","St. James","093"
"MO","29","Wayne","223"
"PR","72","Isabela","071"
"CO","08","Rio Grande","105"
"PA","42","Lawrence","073"
"MT","30","Hill","041"
"NE","31","Webster","181"
"KS","20","Lyon","111"
"NC","37","Watauga","189"
"AL","01","Marengo","091"
"TX","48","Stonewall","433"
"OK","40","Garfield","047"
"OK","40","Woodward","153"
"OK","40","Custer","039"
"UT","49","Sevier","041"
"AL","01","Tallapoosa","123"
"IA","19","Jasper","099"
"GA","13","Forsyth","117"
"WA","53","Wahkiakum","069"
"AR","05","Greene","055"
"TX","48","Randall","381"
"MS","28","Marion","091"
"MS","28","Jefferson","063"
"NE","31","Platte","141"
"NE","31","Frontier","063"
"KY","21","Clinton","053"
"WI","55","Douglas","031"
"WI","55","Pepin","091"
"ID","16","Jerome","053"
"VT","50","Addison","001"
"KY","21","Russell","207"
"IA","19","Crawford","047"
"IA","19","Lyon","119"
"AL","01","Marion","093"
"NY","36","Rockland","087"
"MI","26","Calhoun","025"
"TX","48","Mitchell","335"
"MN","27","Ramsey","123"
"IA","19","Floyd","067"
"IN","18","Allen","003"
"IN","18","Vigo","167"
"CT","09","Litchfield","005"
"MN","27","Freeborn","047"
"ND","38","Wells","103"
"MS","28","Union","145"
"KY","21","Montgomery","173"
"IL","17","Franklin","055"
"CT","09","Tolland","013"
"ID","16","Latah","057"
"MO","29","Marion","127"
"UT","49","Daggett","009"
"WI","55","Marathon","073"
"OK","40","Carter","019"
"OK","40","Adair","001"
"OK","40","Beaver","007"
"AR","05","Grant","053"
"TX","48","Dallam","111"
"IL","17","Bond","005"
"OH","39","Lawrence","087"
"OH","39","Williams","171"
"NY","36","Rensselaer","083"
"OK","40","Comanche","031"
"AR","05","St. Francis","123"
"TX","48","Jim Wells","249"
"WI","55","Rock","105"
"TN","47","Lawrence","099"
"SD","46","Marshall","091"
"OH","39","Vinton","163"
"VA","51","Clarke","043"
"AR","05","Stone","137"
"TX","48","Hamilton","193"
"SD","46","Potter","107"
"NY","36","Cortland","023"
"PR","72","Añasco","011"
"TN","47","Lake","095"
"KS","20","Stanton","187"
"WY","56","Converse","009"
"NH","33","Sullivan","019"
"NE","31","Saline","151"
"NE","31","Merrick","121"
"KS","20","Logan","109"
"VA","51","Lynchburg","680"
"MO","29","Clinton","049"
"MN","27","Benton","009"
"ND","38","Renville","075"
"MI","26","Otsego","137"
"ID","16","Bonneville","019"
"MO","29","Monroe","137"
"NE","31","Polk","143"
"KY","21","Fulton","075"
"MO","29","Moniteau","135"
"MO","29","Gasconade","073"
"IN","18","Carroll","015"
"PR","72","Rincón","117"
"TX","48","Kerr","265"
"TX","48","Zavala","507"
"OK","40","Nowata","105"
"MI","26","Muskegon","121"
"MI","26","Alcona","001"
"IN","18","Switzerland","155"
"KY","21","Union","225"
"VA","51","Virginia Beach","810"
"TX","48","Hardeman","197"
"PR","72","Santa Isabel","133"
"ID","16","Payette","075"
"MS","28","Tallahatchie","135"
"PR","72","Las Marías","083"
"PR","72","Salinas","123"
"PA","42","McKean","083"
"WI","55","La Crosse","063"
"TX","48","Throckmorton","447"
"MN","27","Olmsted","109"
"VT","50","Orleans","019"
"VA","51","Fluvanna","065"
"MN","27","Traverse","155"
"MS","28","Panola","107"
"MO","29","Caldwell","025"
"VA","51","Martinsville","690"
"PR","72","Patillas","109"
"OK","40","Murray","099"
"OK","40","Harmon","057"
"TX","48","Culberson","109"
"VA","51","Manassas","683"
"NJ","34","Burlington","005"
"NM","35","Lea","025"
"AR","05","Lee","077"
"KS","20","Trego","195"
"MO","29","Benton","015"
"MN","27","Sherburne","141"
"ND","38","Grand Forks","035"
"ND","38","Burleigh","015"
"TX","48","Lampasas","281"
"AL","01","Calhoun","015"
"VA","51","Newport News","700"
"TX","48","Hays","209"
"ND","38","Mountrail","061"
"TX","48","Sterling","431"
"SD","46","Bennett","007"
"TN","47","Stewart","161"
"WV","54","Preston","077"
"VA","51","Smyth","173"
"GA","13","Douglas","097"
"ID","16","Gem","045"
"IA","19","Howard","089"
"KS","20","Phillips","147"
"MS","28","Sharkey","125"
"MO","29","Howard","089"
"VA","51","Falls Church","610"
"VA","51","Suffolk","800"
"GA","13","Floyd","115"
"GA","13","Gordon","129"
"GA","13","Dougherty","095"
"IA","19","Guthrie","077"
"TX","48","Hill","217"
"FL","12","Baker","003"
"AK","02","Skagway","230"
"AK","02","Denali","068"
"NE","31","Blaine","009"
"GA","13","Walker","295"
"OH","39","Ashland","005"
"IN","18","Johnson","081"
"IA","19","Ringgold","159"
"KY","21","Warren","227"
"MO","29","Miller","131"
"MI","26","Saginaw","145"
"MI","26","Eaton","045"
"ID","16","Gooding","047"
"PA","42","Snyder","109"
"KY","21","Hickman","105"
"IL","17","Champaign","019"
"IL","17","Warren","187"
"MI","26","Iosco","069"
"PR","72","Yauco","153"
"NM","35","Santa Fe","049"
"GA","13","Laurens","175"
"WI","55","Columbia","021"
"MT","30","Sweet Grass","097"
"IL","17","Logan","107"
"OH","39","Marion","101"
"OH","39","Muskingum","119"
"WI","55","Oneida","085"
"VT","50","Bennington","003"
"NY","36","Franklin","033"
"TX","48","Brewster","043"
"GA","13","Webster","307"
"NC","37","Caswell","033"
"IA","19","Greene","073"
"IA","19","Decatur","053"
"AL","01","Walker","127"
"AL","01","Bibb","007"
"NE","31","Washington","177"
"KY","21","Boyd","019"
"OK","40","Oklahoma","109"
"OK","40","Mayes","097"
"IA","19","Union","175"
"IA","19","Louisa","115"
"IA","19","Adair","001"
"KS","20","Brown","013"
"NE","31","Knox","107"
"KY","21","Lincoln","137"
"NC","37","Wilson","195"
"PA","42","Lycoming","081"
"OR","41","Umatilla","059"
"OR","41","Morrow","049"
"KY","21","Franklin","073"
"IL","17","Winnebago","201"
"IL","17","Marshall","123"
"NC","37","Warren","185"
"PR","72","Dorado","051"
